{"id":1,"name":"Fuji TV"}
{"id":2,"name":"ABC"}
{"id":3,"name":"BBC Three"}
{"id":4,"name":"BBC One"}
{"id":5,"name":"Bell TV"}
{"id":6,"name":"NBC"}
{"id":8,"name":"Māori Television"}
{"id":9,"name":"ITV"}
{"id":10,"name":"Discovery Health Channel"}
{"id":11,"name":"CCTV"}
{"id":12,"name":"HTB"}
{"id":13,"name":"Nickelodeon"}
{"id":14,"name":"PBS"}
{"id":15,"name":"CBBC"}
{"id":16,"name":"CBS"}
{"id":17,"name":"MTV2"}
{"id":18,"name":"ABC"}
{"id":19,"name":"FOX"}
{"id":20,"name":"ABS-CBN"}
{"id":21,"name":"The WB"}
{"id":22,"name":"Discovery Kids"}
{"id":23,"name":"CBC Television"}
{"id":24,"name":"BET"}
{"id":25,"name":"Televisión Nacional de Chile"}
{"id":26,"name":"Channel 4"}
{"id":28,"name":"Univision"}
{"id":29,"name":"ESPN"}
{"id":30,"name":"USA Network"}
{"id":31,"name":"ZDF"}
{"id":33,"name":"MTV"}
{"id":34,"name":"Lifetime"}
{"id":35,"name":"Nick Jr."}
{"id":36,"name":"atv"}
{"id":37,"name":"MSNBC"}
{"id":38,"name":"Network Ten"}
{"id":39,"name":"IRIB TV5"}
{"id":40,"name":"UPN"}
{"id":41,"name":"TNT"}
{"id":42,"name":"TV5"}
{"id":43,"name":"National Geographic"}
{"id":44,"name":"Disney XD"}
{"id":45,"name":"Fox News Channel"}
{"id":46,"name":"YTV"}
{"id":47,"name":"Comedy Central"}
{"id":48,"name":"TVB Jade"}
{"id":49,"name":"HBO"}
{"id":50,"name":"GMA Network"}
{"id":51,"name":"The Comedy Network"}
{"id":53,"name":"Telecinco"}
{"id":54,"name":"Disney Channel"}
{"id":55,"name":"Spike"}
{"id":56,"name":"Cartoon Network"}
{"id":57,"name":"NTV"}
{"id":58,"name":"Televisa"}
{"id":59,"name":"CNN"}
{"id":60,"name":"Rede Globo"}
{"id":61,"name":"OUTtv"}
{"id":62,"name":"Logo"}
{"id":63,"name":"Game Show Network"}
{"id":64,"name":"Discovery"}
{"id":65,"name":"History"}
{"id":66,"name":"Nine Network"}
{"id":67,"name":"Showtime"}
{"id":68,"name":"TBS"}
{"id":69,"name":"Q"}
{"id":70,"name":"ESPN2"}
{"id":71,"name":"The CW"}
{"id":72,"name":"MusiquePlus"}
{"id":74,"name":"Bravo"}
{"id":75,"name":"ABC Family"}
{"id":76,"name":"E!"}
{"id":77,"name":"Syfy"}
{"id":78,"name":"DWAO-TV"}
{"id":80,"name":"Adult Swim"}
{"id":81,"name":"ESPNU"}
{"id":82,"name":"WJYS"}
{"id":83,"name":"Teletoon"}
{"id":84,"name":"TLC"}
{"id":85,"name":"CMT"}
{"id":87,"name":"Fox Sports Detroit"}
{"id":88,"name":"FX"}
{"id":90,"name":"CBC News Network"}
{"id":91,"name":"Animal Planet"}
{"id":92,"name":"City"}
{"id":93,"name":"Televisão Independente"}
{"id":94,"name":"MBS"}
{"id":95,"name":"MediaCorp Channel 5"}
{"id":96,"name":"Telefe"}
{"id":97,"name":"MBC"}
{"id":98,"name":"TV Tokyo"}
{"id":99,"name":"Channel 5"}
{"id":100,"name":"BBC Four"}
{"id":101,"name":"TV 2 Zulu"}
{"id":102,"name":"The Comedy Channel"}
{"id":103,"name":"tv asahi"}
{"id":105,"name":"Showcase"}
{"id":106,"name":"Discovery"}
{"id":107,"name":"Sky Sports"}
{"id":109,"name":"ESPNews"}
{"id":110,"name":"CTV"}
{"id":112,"name":"CITV"}
{"id":113,"name":"Fuse"}
{"id":114,"name":"Three"}
{"id":115,"name":"Sky Living"}
{"id":116,"name":"Challenge"}
{"id":117,"name":"Associated Television"}
{"id":118,"name":"Seven Network"}
{"id":119,"name":"Bip"}
{"id":120,"name":"National Educational Television"}
{"id":122,"name":"PBS Kids"}
{"id":123,"name":"TVNZ 2"}
{"id":124,"name":"IFC"}
{"id":125,"name":"TV 2"}
{"id":126,"name":"BBC Choice"}
{"id":127,"name":"London Weekend Television"}
{"id":128,"name":"Sistema Brasileiro de Televisão (SBT)"}
{"id":129,"name":"A&E"}
{"id":131,"name":"Fox Sports Sun"}
{"id":132,"name":"Oxygen"}
{"id":133,"name":"Venevisión"}
{"id":134,"name":"KTLA"}
{"id":135,"name":"Slice"}
{"id":136,"name":"E4"}
{"id":138,"name":"Much "}
{"id":139,"name":"S4C"}
{"id":141,"name":"ICI Radio-Canada Télé"}
{"id":142,"name":"Toon Disney"}
{"id":143,"name":"Food Network"}
{"id":148,"name":"STV"}
{"id":149,"name":"ITV2"}
{"id":150,"name":"TV One"}
{"id":151,"name":"UTV"}
{"id":155,"name":"RTÉ One"}
{"id":156,"name":"SBS"}
{"id":157,"name":"TVNorge"}
{"id":158,"name":"VH1"}
{"id":159,"name":"StarPlus"}
{"id":160,"name":"TBS"}
{"id":162,"name":"DuMont Television Network"}
{"id":163,"name":"SAT.1"}
{"id":164,"name":"G4"}
{"id":165,"name":"DZKB-TV"}
{"id":166,"name":"CBeebies"}
{"id":168,"name":"SportsNet New York"}
{"id":169,"name":"Channel 2"}
{"id":170,"name":"Space"}
{"id":171,"name":"ANIMAX"}
{"id":172,"name":"WOWOW Prime"}
{"id":173,"name":"AT-X"}
{"id":174,"name":"AMC"}
{"id":175,"name":"CNBC"}
{"id":176,"name":"TVB"}
{"id":177,"name":"DD National"}
{"id":178,"name":"RCTI"}
{"id":179,"name":"SOAPnet"}
{"id":180,"name":"Channel 7"}
{"id":181,"name":"HLN"}
{"id":182,"name":"WTVT"}
{"id":183,"name":"RCN"}
{"id":184,"name":"Syndication"}
{"id":185,"name":"GTV"}
{"id":186,"name":"CNBC Europe"}
{"id":187,"name":"TVBS"}
{"id":188,"name":"Noggin"}
{"id":189,"name":"ORF"}
{"id":191,"name":"TVOntario"}
{"id":192,"name":"M-Net"}
{"id":193,"name":"Telemundo"}
{"id":195,"name":"CNN-News18"}
{"id":196,"name":"DR2"}
{"id":197,"name":"Family Channel"}
{"id":198,"name":"MyNetworkTV"}
{"id":199,"name":"People's Television Network"}
{"id":200,"name":"Sonshine Media Network International"}
{"id":201,"name":"CBC"}
{"id":202,"name":"WGN America"}
{"id":203,"name":"TG4"}
{"id":204,"name":"Movie Central"}
{"id":206,"name":"AXS TV"}
{"id":207,"name":"RTL"}
{"id":209,"name":"Travel Channel"}
{"id":210,"name":"HGTV"}
{"id":211,"name":"Prime Time Entertainment Network"}
{"id":213,"name":"Netflix"}
{"id":214,"name":"Sky One"}
{"id":215,"name":"Gallery HD"}
{"id":216,"name":"Treehouse TV"}
{"id":217,"name":"Cartoon Network"}
{"id":218,"name":"Global TV"}
{"id":219,"name":"NHK BS1"}
{"id":221,"name":"NWS"}
{"id":222,"name":"Intercontinental Broadcasting Corporation"}
{"id":223,"name":"SBS"}
{"id":224,"name":"Nicktoons"}
{"id":225,"name":"Playboy TV"}
{"id":226,"name":"Science"}
{"id":227,"name":"MSG"}
{"id":228,"name":"RTÉ2"}
{"id":229,"name":"IRIB TV3"}
{"id":230,"name":"Kabillion"}
{"id":231,"name":"G4"}
{"id":232,"name":"Here TV"}
{"id":233,"name":"RFD-TV"}
{"id":234,"name":"TeenNick"}
{"id":236,"name":"Rai 2"}
{"id":237,"name":"VisionTV"}
{"id":239,"name":"KiKa"}
{"id":241,"name":"WABC-TV"}
{"id":242,"name":"V Cast"}
{"id":243,"name":"Fox Reality Channel"}
{"id":244,"name":"Investigation Discovery"}
{"id":245,"name":"The Movie Network"}
{"id":247,"name":"YouTube"}
{"id":249,"name":"France 3"}
{"id":251,"name":"Audience"}
{"id":252,"name":"TV Aichi"}
{"id":253,"name":"CHCH-DT"}
{"id":254,"name":"9Go!"}
{"id":255,"name":"France 5"}
{"id":256,"name":"The Filipino Channel"}
{"id":257,"name":"Speed"}
{"id":258,"name":"SVT2"}
{"id":259,"name":"Nick at Nite"}
{"id":261,"name":"ITV4"}
{"id":265,"name":"SoHo"}
{"id":266,"name":"Radio Philippines Network"}
{"id":267,"name":"Channel 44"}
{"id":268,"name":"RÚV"}
{"id":269,"name":"Great Belize Television"}
{"id":270,"name":"SundanceTV"}
{"id":272,"name":"Télétoon"}
{"id":273,"name":"Mega TV"}
{"id":274,"name":"RTL 4"}
{"id":277,"name":"Stöð 2"}
{"id":278,"name":"Comedy Central"}
{"id":279,"name":"ABC Me"}
{"id":280,"name":"Game Network"}
{"id":281,"name":"Disney Junior"}
{"id":284,"name":"W Network"}
{"id":285,"name":"Canal+"}
{"id":286,"name":"Nickelodeon"}
{"id":287,"name":"CNBC Asia"}
{"id":288,"name":"Eleven"}
{"id":289,"name":"RCTV"}
{"id":290,"name":"TF1"}
{"id":291,"name":"WIN Television"}
{"id":293,"name":"ION Television"}
{"id":295,"name":"MTV3"}
{"id":297,"name":"ESPN Classic"}
{"id":298,"name":"More4"}
{"id":300,"name":"8TV"}
{"id":301,"name":"NBA TV"}
{"id":302,"name":"TVA"}
{"id":303,"name":"FOX"}
{"id":304,"name":"MTV Australia"}
{"id":306,"name":"The Weather Channel"}
{"id":307,"name":"ITV Play"}
{"id":308,"name":"ARD"}
{"id":309,"name":"Ntv7"}
{"id":310,"name":"Československá televize"}
{"id":311,"name":"BNN"}
{"id":312,"name":"Bravo"}
{"id":313,"name":"NFL Network"}
{"id":314,"name":"C31 Melbourne"}
{"id":315,"name":"Polsat"}
{"id":316,"name":"Trouble"}
{"id":317,"name":"BBC World News"}
{"id":318,"name":"Starz"}
{"id":320,"name":"Canal Sony"}
{"id":321,"name":"ABC Comedy"}
{"id":322,"name":"C-SPAN"}
{"id":323,"name":"Channel 31"}
{"id":324,"name":"RTL Televizija"}
{"id":325,"name":"KRON-TV"}
{"id":326,"name":"OLN"}
{"id":327,"name":"Fox8"}
{"id":328,"name":"TVGN"}
{"id":330,"name":"WLVI"}
{"id":331,"name":"Centric"}
{"id":332,"name":"BBC Two"}
{"id":333,"name":"Free Speech TV"}
{"id":334,"name":"ProSieben"}
{"id":335,"name":"MTV Canada"}
{"id":337,"name":"KEYC-TV"}
{"id":338,"name":"Fox Sports"}
{"id":341,"name":"ManiaTV!"}
{"id":342,"name":"KBS2"}
{"id":343,"name":"GTV"}
{"id":344,"name":"Channel 3"}
{"id":346,"name":"WCPO-TV"}
{"id":348,"name":"Access 31"}
{"id":349,"name":"WRC-TV"}
{"id":350,"name":"VRAK"}
{"id":351,"name":"Southern Broadcasting Network"}
{"id":352,"name":"TV4"}
{"id":353,"name":"Studio 23"}
{"id":354,"name":"UniMás"}
{"id":355,"name":"CNBC World"}
{"id":356,"name":"SVT1"}
{"id":359,"name":"Cinemax"}
{"id":360,"name":"Fox Sports Networks"}
{"id":361,"name":"France 2"}
{"id":362,"name":"Sky Angel"}
{"id":363,"name":"HOT3"}
{"id":364,"name":"truTV"}
{"id":367,"name":"Reelz"}
{"id":368,"name":"eltrece"}
{"id":369,"name":"Trinity Broadcasting Network"}
{"id":370,"name":"Play UK"}
{"id":372,"name":"Military Channel"}
{"id":373,"name":"CNN International"}
{"id":374,"name":"TV3"}
{"id":375,"name":"BBC News"}
{"id":376,"name":"Sub"}
{"id":377,"name":"CMT"}
{"id":378,"name":"Cuatro"}
{"id":379,"name":"NRK1"}
{"id":380,"name":"Current TV"}
{"id":381,"name":"MTV Base"}
{"id":382,"name":"Gold"}
{"id":384,"name":"Hallmark Channel"}
{"id":385,"name":"Australia Network"}
{"id":388,"name":"Dave"}
{"id":390,"name":"Rapture TV"}
{"id":391,"name":"DR1"}
{"id":392,"name":"Canal 13"}
{"id":393,"name":"Pokerzone"}
{"id":395,"name":"KING-TV"}
{"id":397,"name":"TV Land"}
{"id":398,"name":"Fairchild TV"}
{"id":399,"name":"Tiny Pop"}
{"id":400,"name":"Antena 3"}
{"id":401,"name":"CTS"}
{"id":402,"name":"Italia 1"}
{"id":403,"name":"CTV"}
{"id":405,"name":"Sky Two"}
{"id":406,"name":"TV3"}
{"id":408,"name":"Turner Classic Movies"}
{"id":409,"name":"WPVI-TV"}
{"id":410,"name":"MTV Italy"}
{"id":411,"name":"RTL II"}
{"id":412,"name":"Russia-1"}
{"id":413,"name":"NBCSN"}
{"id":414,"name":"BBC Kids"}
{"id":415,"name":"Fox Soccer"}
{"id":416,"name":"Nickelodeon"}
{"id":417,"name":"Royal Thai Army Radio and Television Channel 5"}
{"id":418,"name":"RTL 5"}
{"id":420,"name":"Golf Channel"}
{"id":422,"name":"Galavisión"}
{"id":423,"name":"Bio."}
{"id":425,"name":"CTV Northern Ontario"}
{"id":426,"name":"TV1"}
{"id":428,"name":"BBC Red Button"}
{"id":429,"name":"Revver"}
{"id":430,"name":"BiteTV"}
{"id":431,"name":"Qubo"}
{"id":433,"name":"FamilyNet"}
{"id":434,"name":"Pro TV"}
{"id":435,"name":"Velocity"}
{"id":437,"name":"Kanal 5"}
{"id":438,"name":"Retro Television Network"}
{"id":439,"name":"Kanal D"}
{"id":440,"name":"IRIB TV1"}
{"id":441,"name":"América Televisión"}
{"id":442,"name":"Das Erste"}
{"id":443,"name":"La 1"}
{"id":445,"name":"Channel 1"}
{"id":447,"name":"CollegeHumor"}
{"id":448,"name":"WE tv"}
{"id":449,"name":"WTTW"}
{"id":451,"name":"Palladia"}
{"id":452,"name":"Arena"}
{"id":453,"name":"Hulu"}
{"id":454,"name":"MTV Europe"}
{"id":455,"name":"Beijing Television"}
{"id":456,"name":"TV4"}
{"id":457,"name":"TV3"}
{"id":458,"name":"C More"}
{"id":461,"name":"Asia Television Limited"}
{"id":462,"name":"POP TV"}
{"id":463,"name":"TV3"}
{"id":464,"name":"YES Network"}
{"id":465,"name":"bTV"}
{"id":466,"name":"TVP2"}
{"id":467,"name":"TV 2"}
{"id":468,"name":"LBCI"}
{"id":469,"name":"NHK G\t"}
{"id":470,"name":"Synergy TV"}
{"id":471,"name":"Showcase TV"}
{"id":473,"name":"Televizija Sarajevo"}
{"id":474,"name":"Nickelodeon"}
{"id":475,"name":"Slovenská televízia"}
{"id":477,"name":"Aboriginal Peoples Television Network"}
{"id":478,"name":"ATV"}
{"id":479,"name":"TTV Main Channel"}
{"id":480,"name":"Sky News"}
{"id":481,"name":"Fox Footy Channel"}
{"id":483,"name":"TVP1"}
{"id":484,"name":"TrueVisions"}
{"id":485,"name":"bravo"}
{"id":486,"name":"KCET"}
{"id":487,"name":"Las Estrellas"}
{"id":488,"name":"MTV"}
{"id":489,"name":"Latina Televisión"}
{"id":490,"name":"GMA Pinoy TV"}
{"id":492,"name":"CTi Variety"}
{"id":493,"name":"BBC America"}
{"id":494,"name":"CTV Two"}
{"id":496,"name":"Channel One"}
{"id":498,"name":"CoLours TV"}
{"id":499,"name":"TV3"}
{"id":500,"name":"Caracol TV"}
{"id":501,"name":"STAR Vijay"}
{"id":502,"name":"Séries+"}
{"id":504,"name":"TVN"}
{"id":505,"name":"Max"}
{"id":506,"name":"Canal 5"}
{"id":507,"name":"5Star"}
{"id":508,"name":"Setanta Sports USA"}
{"id":509,"name":"Cornerstone Television"}
{"id":510,"name":"Israeli Educational Television"}
{"id":511,"name":"France 4"}
{"id":512,"name":"Rede Manchete"}
{"id":513,"name":"Channel 9 MCOT HD"}
{"id":514,"name":"Information TV"}
{"id":515,"name":"Disney Channel"}
{"id":516,"name":"Pop"}
{"id":517,"name":"Nova TV"}
{"id":518,"name":"Hub Network"}
{"id":519,"name":"Channel Eser"}
{"id":520,"name":"Vale TV"}
{"id":521,"name":"CCTV-8"}
{"id":522,"name":"Super RTL"}
{"id":523,"name":"Boomerang"}
{"id":524,"name":"Colors"}
{"id":525,"name":"NRK2"}
{"id":526,"name":"Zee TV"}
{"id":527,"name":"TeleHit"}
{"id":530,"name":"Destination America"}
{"id":531,"name":"TV+"}
{"id":532,"name":"Esquire Network"}
{"id":533,"name":"Rai 1"}
{"id":535,"name":"RecordTV"}
{"id":536,"name":"TV B92"}
{"id":537,"name":"Canale 5"}
{"id":538,"name":"VTV3"}
{"id":539,"name":"Disney Channel"}
{"id":540,"name":"Star One"}
{"id":541,"name":"SCTV"}
{"id":542,"name":"TV9"}
{"id":545,"name":"Dubai TV"}
{"id":546,"name":"Channel M"}
{"id":547,"name":"Rai 3"}
{"id":548,"name":"Rustavi 2"}
{"id":550,"name":"Markíza"}
{"id":551,"name":"TV Puls"}
{"id":553,"name":"Sky Arts"}
{"id":554,"name":"RTP1"}
{"id":555,"name":"TVP"}
{"id":556,"name":"vtm"}
{"id":557,"name":"Community Channel"}
{"id":558,"name":"Channel One"}
{"id":559,"name":"RTS 1"}
{"id":561,"name":"Link TV"}
{"id":563,"name":"OnStyle"}
{"id":564,"name":"Sahara One"}
{"id":566,"name":"AZN Television"}
{"id":568,"name":"MTV Pakistan"}
{"id":569,"name":"YTV"}
{"id":571,"name":"SRF 1"}
{"id":572,"name":"ANT1"}
{"id":574,"name":"CKVU-DT"}
{"id":576,"name":"Mētele"}
{"id":577,"name":"NDR Fernsehen"}
{"id":578,"name":"ASN"}
{"id":579,"name":"KOMO-TV"}
{"id":581,"name":"WNBC"}
{"id":583,"name":"V"}
{"id":584,"name":"SportsChannel America"}
{"id":588,"name":"The Nashville Network"}
{"id":590,"name":"ITV3"}
{"id":591,"name":"KPLR-TV"}
{"id":592,"name":"WBBM-TV"}
{"id":594,"name":"Nick Jr."}
{"id":595,"name":"Tele 5"}
{"id":596,"name":"TOLO "}
{"id":598,"name":"Galaxy"}
{"id":599,"name":"Pax TV"}
{"id":601,"name":"ABC News"}
{"id":603,"name":"CP24"}
{"id":605,"name":"WLS-TV"}
{"id":606,"name":"Astro Ria"}
{"id":607,"name":"Rush HD"}
{"id":608,"name":"Televen"}
{"id":609,"name":"NTR"}
{"id":610,"name":"Kids Station"}
{"id":612,"name":"KTTV"}
{"id":614,"name":"Tokyo MX"}
{"id":615,"name":"YLE"}
{"id":616,"name":"NYC TV"}
{"id":617,"name":"DTour"}
{"id":618,"name":"New England Sports Network"}
{"id":619,"name":"Youtoo TV\t"}
{"id":621,"name":"NTA Film Network"}
{"id":622,"name":"NHK Educational TV"}
{"id":624,"name":"KNBC"}
{"id":625,"name":"DIY Network"}
{"id":626,"name":"Discovery Real Time"}
{"id":627,"name":"OCN"}
{"id":629,"name":"Nikkei CNBC"}
{"id":630,"name":"Yle TV1"}
{"id":632,"name":"ČT1"}
{"id":633,"name":"NBN Television"}
{"id":635,"name":"Fearnet On Demand"}
{"id":636,"name":"AVRO"}
{"id":638,"name":"Future Television"}
{"id":639,"name":"Super Deluxe"}
{"id":640,"name":"TVR 2"}
{"id":641,"name":"The Sports Network"}
{"id":642,"name":"SIC Radical"}
{"id":644,"name":"yes"}
{"id":646,"name":"Mega"}
{"id":648,"name":"LATV"}
{"id":649,"name":"VPRO"}
{"id":650,"name":"Good Food"}
{"id":651,"name":"The Movie Channel"}
{"id":652,"name":"Arutz HaYeladim"}
{"id":653,"name":"My Damn Channel"}
{"id":655,"name":"Trans TV"}
{"id":656,"name":"Globovisión"}
{"id":658,"name":"Smithsonian Channel"}
{"id":659,"name":"Daystar"}
{"id":660,"name":"CatholicTV"}
{"id":661,"name":"Indosiar"}
{"id":662,"name":"Arte"}
{"id":663,"name":"Chiba TV"}
{"id":664,"name":"VH1 Classic"}
{"id":665,"name":"NASA TV"}
{"id":666,"name":"Bloomberg Television"}
{"id":668,"name":"TeleSUR"}
{"id":669,"name":"WDIV-TV"}
{"id":670,"name":"Discovery Life"}
{"id":671,"name":"Aurora Community Channel"}
{"id":672,"name":"IFC"}
{"id":673,"name":"CTV News Channel"}
{"id":674,"name":"Tr3s"}
{"id":675,"name":"Eurosport"}
{"id":676,"name":"Sony Entertainment Television"}
{"id":677,"name":"ZTV"}
{"id":678,"name":"Water Channel"}
{"id":679,"name":"Ripe TV"}
{"id":680,"name":"Christian Broadcasting Network"}
{"id":681,"name":"REN TV"}
{"id":682,"name":"Canal J"}
{"id":683,"name":"LifeStyle"}
{"id":684,"name":"Bold "}
{"id":685,"name":"Home"}
{"id":686,"name":"TV Cultura"}
{"id":687,"name":"MHz WorldView"}
{"id":689,"name":"Original Black Entertainment TV"}
{"id":690,"name":"Al Jazeera"}
{"id":692,"name":"Midlands Asian Television"}
{"id":694,"name":"TMF"}
{"id":695,"name":"WJAR"}
{"id":697,"name":"KQED"}
{"id":698,"name":"KQEH"}
{"id":699,"name":"KATU"}
{"id":701,"name":"WDVM-TV"}
{"id":702,"name":"KJRH-TV"}
{"id":704,"name":"One"}
{"id":706,"name":"CCTV-2"}
{"id":707,"name":"Venezolana de Televisión"}
{"id":709,"name":"WSMV-TV"}
{"id":710,"name":"Yesterday"}
{"id":711,"name":"TV Nova"}
{"id":712,"name":"M6"}
{"id":713,"name":"3e"}
{"id":714,"name":"Panamericana Televisión"}
{"id":715,"name":"Teletama"}
{"id":716,"name":"WCVB-TV"}
{"id":717,"name":"TVP Polonia"}
{"id":718,"name":"KOCO-TV"}
{"id":719,"name":"WAGA-TV"}
{"id":720,"name":"WTSP"}
{"id":721,"name":"KYW-TV"}
{"id":722,"name":"CTV Atlantic"}
{"id":723,"name":"ImaginAsianTV"}
{"id":724,"name":"WWLW"}
{"id":725,"name":"JNN"}
{"id":726,"name":"Sanlih E-Television"}
{"id":727,"name":"TV 2 Zebra"}
{"id":728,"name":"Funimation Channel"}
{"id":729,"name":"TROS"}
{"id":730,"name":"Disney Channel"}
{"id":731,"name":"KCTS-TV"}
{"id":732,"name":"Speed"}
{"id":733,"name":"WBRZ-TV"}
{"id":734,"name":"WCCO-TV"}
{"id":735,"name":"TeleG"}
{"id":736,"name":"WCAX-TV"}
{"id":737,"name":"WMAQ-TV"}
{"id":738,"name":"KGW"}
{"id":739,"name":"KDKA-TV"}
{"id":740,"name":"WBZ-TV"}
{"id":741,"name":"KGO-TV"}
{"id":743,"name":"KMEX-DT"}
{"id":744,"name":"WBAL-TV"}
{"id":745,"name":"WFAA"}
{"id":747,"name":"The Inspiration Network"}
{"id":748,"name":"MLB Network"}
{"id":749,"name":"Great American Country"}
{"id":750,"name":"Show TV"}
{"id":751,"name":"Geo TV"}
{"id":752,"name":"Outdoor Channel"}
{"id":753,"name":"Sky Sport"}
{"id":754,"name":"STAR World"}
{"id":757,"name":"Veronica"}
{"id":758,"name":"Starz Encore"}
{"id":760,"name":"VARA"}
{"id":762,"name":"KRO"}
{"id":763,"name":"Alpha TV"}
{"id":764,"name":"RTP2"}
{"id":765,"name":"NOVA"}
{"id":766,"name":"Interesnoe TV"}
{"id":771,"name":"Overmyer Network"}
{"id":772,"name":"MuchMore"}
{"id":774,"name":"Pakistan Television Network"}
{"id":775,"name":"Nickelodeon"}
{"id":776,"name":"W9"}
{"id":778,"name":"Star TV"}
{"id":779,"name":"Rete 4"}
{"id":780,"name":"National Indigenous Television"}
{"id":781,"name":"VOX"}
{"id":783,"name":"Super Channel"}
{"id":784,"name":"Christian Television Network"}
{"id":785,"name":"TV3"}
{"id":786,"name":"SET Metro"}
{"id":788,"name":"MTV Philippines"}
{"id":789,"name":"3min"}
{"id":790,"name":"NBC Weather Plus"}
{"id":791,"name":"STAR Chinese Channel"}
{"id":792,"name":"tvk"}
{"id":793,"name":"nuvoTV"}
{"id":794,"name":"Nickelodeon"}
{"id":795,"name":"ABP News"}
{"id":796,"name":"MAVTV"}
{"id":797,"name":"Guangdong Television"}
{"id":798,"name":"Imparja Television"}
{"id":799,"name":"National Geographic Channel"}
{"id":800,"name":"KFVE"}
{"id":801,"name":"American Forces Network"}
{"id":802,"name":"Cooking Channel"}
{"id":803,"name":"4Music"}
{"id":804,"name":"VIVA Germany"}
{"id":805,"name":"Chilevisión"}
{"id":806,"name":"STS"}
{"id":809,"name":"Mnet"}
{"id":810,"name":"Azteca América"}
{"id":812,"name":"HRTV"}
{"id":813,"name":"CCTV News"}
{"id":815,"name":"ARY Digital"}
{"id":816,"name":"TVM"}
{"id":817,"name":"Sun TV"}
{"id":818,"name":"SIC"}
{"id":819,"name":"Sky News Australia"}
{"id":821,"name":"FashionTV"}
{"id":822,"name":"TVQ"}
{"id":824,"name":"TV Osaka"}
{"id":826,"name":"Antena 1"}
{"id":827,"name":"OWN"}
{"id":828,"name":"Planet Green"}
{"id":829,"name":"KBS1"}
{"id":830,"name":"Polsat News"}
{"id":831,"name":"Magyar Televízió"}
{"id":833,"name":"RTL Klub"}
{"id":834,"name":"ZDTV"}
{"id":835,"name":"Disney Channel Latin America"}
{"id":837,"name":"PTS"}
{"id":838,"name":"Comcast SportsNet"}
{"id":839,"name":"RT"}
{"id":840,"name":"TV 2 Charlie"}
{"id":841,"name":"Canal D"}
{"id":842,"name":"5USA"}
{"id":843,"name":"NRK3"}
{"id":844,"name":"Kanal 5"}
{"id":845,"name":"TV3+"}
{"id":847,"name":"Muz-TV"}
{"id":849,"name":"H2"}
{"id":850,"name":"The Pet Network"}
{"id":851,"name":"GTV Variety Show"}
{"id":852,"name":"antv"}
{"id":853,"name":"Viasat Film"}
{"id":854,"name":"Sjuan"}
{"id":855,"name":"KMOV"}
{"id":856,"name":"SBS 2"}
{"id":858,"name":"Life OK"}
{"id":859,"name":"2×2"}
{"id":860,"name":"CTV Main Channel"}
{"id":861,"name":"BS11"}
{"id":862,"name":"Action"}
{"id":863,"name":"Trans7"}
{"id":866,"name":"tvN"}
{"id":867,"name":"MTV Brasil"}
{"id":868,"name":"West TV"}
{"id":869,"name":"TRT 1"}
{"id":870,"name":"Formosa TV"}
{"id":871,"name":"BR Fernsehen"}
{"id":872,"name":"My Channel"}
{"id":874,"name":"Direct 8"}
{"id":875,"name":"Fox Sports 2"}
{"id":877,"name":"Sky Cinema"}
{"id":879,"name":"Tōkai Television Broadcasting"}
{"id":880,"name":"TVG Network"}
{"id":881,"name":"BS-TBS"}
{"id":883,"name":"WTOP-TV"}
{"id":885,"name":"JTBC"}
{"id":886,"name":"Channel 7 "}
{"id":887,"name":"Band"}
{"id":888,"name":"Bandai Channel"}
{"id":896,"name":"Tulip Television"}
{"id":900,"name":"CNBC TV18"}
{"id":901,"name":"Armenia TV"}
{"id":903,"name":"TV Chosun"}
{"id":904,"name":"TNT Serie"}
{"id":905,"name":"Solar News Channel"}
{"id":907,"name":"NHL Network"}
{"id":908,"name":"ANS TV"}
{"id":911,"name":"CJOH-DT"}
{"id":914,"name":"BYU Television"}
{"id":916,"name":"Pasadena Community Network"}
{"id":917,"name":"Big Ten Network"}
{"id":918,"name":"Live Well Network"}
{"id":920,"name":"Nebraska Educational Telecommunications"}
{"id":922,"name":"Epix"}
{"id":923,"name":"All-Nippon News Network"}
{"id":924,"name":"MTV Germany"}
{"id":926,"name":"Central Television USSR"}
{"id":927,"name":"Loaded TV"}
{"id":928,"name":"Crackle"}
{"id":929,"name":"MBN"}
{"id":931,"name":"MTV Asia"}
{"id":932,"name":"SBS Plus"}
{"id":934,"name":"OCN movies"}
{"id":935,"name":"TV JOJ"}
{"id":937,"name":"TRT Çocuk"}
{"id":938,"name":"TVh"}
{"id":940,"name":"GMA News TV"}
{"id":941,"name":"TheBlaze"}
{"id":943,"name":"XTV"}
{"id":944,"name":"HSV"}
{"id":946,"name":"ATN"}
{"id":948,"name":"La7"}
{"id":950,"name":"Kino Polska"}
{"id":951,"name":"Canal+ Poland"}
{"id":952,"name":"Hunan Television"}
{"id":953,"name":"Tianjin Television"}
{"id":954,"name":"NTV Variety"}
{"id":957,"name":"Sportsman Channel"}
{"id":958,"name":"Domo+"}
{"id":959,"name":"MTV Poland"}
{"id":960,"name":"Beyaz TV"}
{"id":961,"name":"Fox"}
{"id":962,"name":"Samanyolu TV"}
{"id":963,"name":"MBC 1"}
{"id":965,"name":"MNCTV"}
{"id":966,"name":"Kompas TV"}
{"id":967,"name":"Rotana Khalijia"}
{"id":968,"name":"HTV7 "}
{"id":969,"name":"Acasă"}
{"id":970,"name":"Prima"}
{"id":971,"name":"VERY TV"}
{"id":972,"name":"PowNed"}
{"id":974,"name":"TV6"}
{"id":975,"name":"TV2"}
{"id":976,"name":"MTV Denmark"}
{"id":979,"name":"Cine5"}
{"id":980,"name":"Turkmax"}
{"id":981,"name":"Kanaltürk"}
{"id":983,"name":"Asian Food Channel"}
{"id":984,"name":"Astro Aruna"}
{"id":986,"name":"Music 24"}
{"id":987,"name":"Antenna TV"}
{"id":988,"name":"Abu Dhabi TV"}
{"id":989,"name":"Zhejiang Television"}
{"id":990,"name":"ETV"}
{"id":991,"name":"BNT 1"}
{"id":992,"name":"ABV"}
{"id":993,"name":"TCN"}
{"id":994,"name":"Liv"}
{"id":995,"name":"Yle TV2"}
{"id":996,"name":"Quest"}
{"id":997,"name":"iTV"}
{"id":998,"name":"Channel [V]"}
{"id":999,"name":"KLAC-TV"}
{"id":1001,"name":"BBC UKTV"}
{"id":1002,"name":"Bio."}
{"id":1003,"name":"Fuel TV"}
{"id":1004,"name":"ESPN Australia"}
{"id":1005,"name":"SET Taiwan"}
{"id":1006,"name":"Sky News Weather Channel"}
{"id":1007,"name":"Nelonen"}
{"id":1008,"name":"MTV Russia"}
{"id":1009,"name":"The Pentagon Channel"}
{"id":1011,"name":"Plus"}
{"id":1012,"name":"Eden"}
{"id":1013,"name":"El 33"}
{"id":1014,"name":"LTV1"}
{"id":1015,"name":"ichannel"}
{"id":1016,"name":"laSexta"}
{"id":1017,"name":"Manoto"}
{"id":1018,"name":"Thai Public Broadcasting Service"}
{"id":1019,"name":"Sportsnet"}
{"id":1020,"name":"WHYY-TV"}
{"id":1021,"name":"Prime7"}
{"id":1023,"name":"TVT"}
{"id":1024,"name":"Amazon"}
{"id":1025,"name":"WWE Network"}
{"id":1028,"name":"één"}
{"id":1029,"name":"Playstation Network"}
{"id":1030,"name":"W"}
{"id":1032,"name":"Pivot"}
{"id":1033,"name":"hr-fernsehen"}
{"id":1034,"name":"SBS6"}
{"id":1035,"name":"FXX"}
{"id":1036,"name":"SFB"}
{"id":1037,"name":"SKY PerfecTV!"}
{"id":1038,"name":"VGTV"}
{"id":1039,"name":"VIER"}
{"id":1041,"name":"Kuwait TV"}
{"id":1043,"name":"Nat Geo Wild"}
{"id":1044,"name":"Al Jazeera America"}
{"id":1046,"name":"Star Channel"}
{"id":1049,"name":"CW seed"}
{"id":1050,"name":"AOL"}
{"id":1051,"name":"BBC First"}
{"id":1054,"name":"MBC MASR"}
{"id":1055,"name":"Jiangsu Television"}
{"id":1056,"name":"Dragon TV"}
{"id":1058,"name":"Duna TV"}
{"id":1059,"name":"Yahoo! Screen"}
{"id":1060,"name":"Kampüs TV"}
{"id":1062,"name":"HBO Nordic"}
{"id":1063,"name":"Sky Atlantic"}
{"id":1064,"name":"RMC Découverte"}
{"id":1065,"name":"Vimeo"}
{"id":1067,"name":"Fox Premium Action"}
{"id":1069,"name":"OCS City"}
{"id":1072,"name":"Lifetime Movies"}
{"id":1073,"name":"Canvas"}
{"id":1074,"name":"MAX"}
{"id":1076,"name":"Sky Uno"}
{"id":1079,"name":"Discovery"}
{"id":1080,"name":"fyi"}
{"id":1081,"name":"Olive"}
{"id":1083,"name":"Niconico"}
{"id":1084,"name":"DFF 1"}
{"id":1085,"name":"Net5"}
{"id":1087,"name":"Comedy Central"}
{"id":1089,"name":"HBO Latin America"}
{"id":1092,"name":"Multishow"}
{"id":1098,"name":"ConTV"}
{"id":1101,"name":"Gaia"}
{"id":1102,"name":"Google Play"}
{"id":1110,"name":"kabel eins"}
{"id":1112,"name":"Crunchyroll"}
{"id":1113,"name":"DMAX"}
{"id":1114,"name":"Sky Italia"}
{"id":1117,"name":"FOXlife"}
{"id":1118,"name":"MDR Fernsehen"}
{"id":1121,"name":"C2S Network"}
{"id":1122,"name":"El Rey Network"}
{"id":1124,"name":"ART TV"}
{"id":1129,"name":"HBO Europe"}
{"id":1130,"name":"Antenne 2"}
{"id":1131,"name":"Télé-Québec"}
{"id":1132,"name":"3sat"}
{"id":1133,"name":"TMC"}
{"id":1135,"name":"WDR Fernsehen"}
{"id":1136,"name":"BS Fuji"}
{"id":1137,"name":"KBS Kyoto"}
{"id":1139,"name":"GNT"}
{"id":1141,"name":"TV8"}
{"id":1145,"name":"TVFPlay "}
{"id":1146,"name":"BitTorrent"}
{"id":1152,"name":"NAVER TV"}
{"id":1153,"name":"Ketnet"}
{"id":1155,"name":"BBC iPlayer"}
{"id":1159,"name":"ITVBe"}
{"id":1161,"name":"Anhui Television"}
{"id":1162,"name":"SWR Fernsehen"}
{"id":1163,"name":"Kansai Telecasting Corporation\t"}
{"id":1164,"name":"BS SKY PerfecTV!"}
{"id":1166,"name":"ICTV"}
{"id":1171,"name":"Stream.cz"}
{"id":1172,"name":"TLC UK"}
{"id":1173,"name":"MTV Lebanon"}
{"id":1174,"name":"Toons.TV"}
{"id":1175,"name":"GBS"}
{"id":1176,"name":"Mie TV"}
{"id":1180,"name":"UP TV"}
{"id":1181,"name":"NT1"}
{"id":1183,"name":"DRAMAcube"}
{"id":1187,"name":"Travel Channel United Kingdom"}
{"id":1188,"name":"Duna World"}
{"id":1191,"name":"TNT"}
{"id":1194,"name":"NPO 3"}
{"id":1196,"name":"ORTF Télévision"}
{"id":1197,"name":"Russia-2"}
{"id":1198,"name":"BS Japan"}
{"id":1199,"name":"NTV "}
{"id":1200,"name":"Das Vierte"}
{"id":1204,"name":"Hum TV"}
{"id":1206,"name":"STB"}
{"id":1207,"name":"SAT.1 Comedy"}
{"id":1208,"name":"Yle Fem"}
{"id":1209,"name":"Servus TV"}
{"id":1218,"name":"RTL Telekids"}
{"id":1220,"name":"RBB Fernsehen"}
{"id":1224,"name":"Gemini TV"}
{"id":1226,"name":"Comedy Central"}
{"id":1227,"name":"AVROTROS"}
{"id":1228,"name":"EO"}
{"id":1231,"name":"Twitch"}
{"id":1232,"name":"Cartoon Network"}
{"id":1233,"name":"Divinity"}
{"id":1234,"name":"MBC every1"}
{"id":1244,"name":"Facebook"}
{"id":1245,"name":"Historia"}
{"id":1247,"name":"Z"}
{"id":1252,"name":"Movie Extra"}
{"id":1254,"name":"1+1"}
{"id":1255,"name":"Stan"}
{"id":1256,"name":"RedeTV!"}
{"id":1258,"name":"TV-3"}
{"id":1260,"name":"Sohu"}
{"id":1261,"name":"Cartoonito"}
{"id":1262,"name":"Canal Brasil"}
{"id":1265,"name":"Shenzhen TV"}
{"id":1267,"name":"Freeform"}
{"id":1271,"name":"BS-i"}
{"id":1274,"name":"ZDFneo"}
{"id":1277,"name":"RTVS"}
{"id":1278,"name":"Kyushu Asahi Broadcasting"}
{"id":1280,"name":"Telus Optik"}
{"id":1281,"name":"addikTV"}
{"id":1282,"name":"National Iranian Radio and Television"}
{"id":1283,"name":"sixx"}
{"id":1287,"name":"Discovery Family"}
{"id":1288,"name":"HDNet"}
{"id":1289,"name":"JIM"}
{"id":1290,"name":"Club Illico"}
{"id":1291,"name":"Canal Once"}
{"id":1292,"name":"Studio 100 TV"}
{"id":1298,"name":"Moi & Cie"}
{"id":1299,"name":"go90"}
{"id":1300,"name":"Atreseries"}
{"id":1302,"name":"Discovery Asia"}
{"id":1303,"name":"HBO Asia"}
{"id":1304,"name":"LeTV"}
{"id":1307,"name":"Pure Flix"}
{"id":1308,"name":"TeleMadrid"}
{"id":1309,"name":"Prva"}
{"id":1311,"name":"Ovation"}
{"id":1312,"name":"ICI TOU.TV"}
{"id":1314,"name":"Televisión de Galicia"}
{"id":1321,"name":"Television Maldives"}
{"id":1322,"name":"TIMVision"}
{"id":1323,"name":"Repubblica TV"}
{"id":1325,"name":"Domashniy"}
{"id":1326,"name":"TET "}
{"id":1327,"name":"ABC iview"}
{"id":1330,"name":"iQiyi"}
{"id":1334,"name":"Videoland"}
{"id":1339,"name":"Viceland"}
{"id":1341,"name":"Chiller"}
{"id":1344,"name":"Crave"}
{"id":1345,"name":"ABC Spark"}
{"id":1346,"name":"La 2"}
{"id":1348,"name":"Revision3"}
{"id":1350,"name":"ZDFinfo"}
{"id":1351,"name":"Bounce TV"}
{"id":1353,"name":"Documentary Channel"}
{"id":1354,"name":"History Channel Italia"}
{"id":1356,"name":"Rooster Teeth"}
{"id":1360,"name":"La 5"}
{"id":1361,"name":"Stream TV"}
{"id":1362,"name":"Mediaset Premium"}
{"id":1363,"name":"CCTV-1"}
{"id":1366,"name":"Cielo"}
{"id":1367,"name":"TV8"}
{"id":1371,"name":"RTF Télévision"}
{"id":1373,"name":"Sprint Nextel"}
{"id":1375,"name":"Reshet 13"}
{"id":1376,"name":"TVNZ 1"}
{"id":1377,"name":"iTunes Store"}
{"id":1381,"name":"Zoom"}
{"id":1384,"name":"DR3"}
{"id":1385,"name":"Disney Channel"}
{"id":1386,"name":"La Une"}
{"id":1388,"name":"WKAQ-TV"}
{"id":1389,"name":"Telemundo Puerto Rico"}
{"id":1390,"name":"Viki"}
{"id":1394,"name":"Kanal 2"}
{"id":1396,"name":"Cadenatres"}
{"id":1397,"name":"AVA"}
{"id":1399,"name":"M1"}
{"id":1400,"name":"Vessel"}
{"id":1402,"name":"Crime+Investigation"}
{"id":1404,"name":"Nitro"}
{"id":1410,"name":"Asahi Broadcasting Corporation"}
{"id":1414,"name":"Fox Crime"}
{"id":1415,"name":"TV WAU"}
{"id":1419,"name":"Youku"}
{"id":1422,"name":"Rai Gulp"}
{"id":1424,"name":"Espansione TV"}
{"id":1427,"name":"CNTV"}
{"id":1430,"name":"AHC"}
{"id":1431,"name":"Sky 1"}
{"id":1433,"name":"NPO 1"}
{"id":1436,"name":"YouTube Premium"}
{"id":1438,"name":"AMI-télé"}
{"id":1439,"name":"Pogo"}
{"id":1449,"name":"Flooxer"}
{"id":1480,"name":"PlayTV"}
{"id":1483,"name":"Cartoon Network Latin America"}
{"id":1493,"name":"TVP Kultura"}
{"id":1497,"name":"bTV Cinema"}
{"id":1498,"name":"FOXlife"}
{"id":1504,"name":"PPTV"}
{"id":1506,"name":"Play More"}
{"id":1507,"name":"NCRV"}
{"id":1508,"name":"Family Chrgd"}
{"id":1509,"name":"Minimax"}
{"id":1514,"name":"AXN Asia"}
{"id":1518,"name":"SABC 2"}
{"id":1521,"name":"AbemaTV"}
{"id":1522,"name":"Infinity"}
{"id":1523,"name":"SeeSo"}
{"id":1524,"name":"EPIC"}
{"id":1528,"name":"RTL Télévision"}
{"id":1529,"name":"Televisión Pública Argentina"}
{"id":1530,"name":"TNT Latin America"}
{"id":1532,"name":"Anime One"}
{"id":1533,"name":"TV5 Québec Canada"}
{"id":1534,"name":"Discovery World"}
{"id":1535,"name":"Encuentro"}
{"id":1536,"name":"WAPA-TV"}
{"id":1537,"name":"Televicentro"}
{"id":1538,"name":"El Nueve"}
{"id":1545,"name":"7TWO"}
{"id":1559,"name":"SBC"}
{"id":1566,"name":"&TV"}
{"id":1567,"name":"Prime"}
{"id":1570,"name":"TV Brasil"}
{"id":1572,"name":"NTS"}
{"id":1574,"name":"Spektrum"}
{"id":1585,"name":"Viaplay"}
{"id":1589,"name":"Al Saudiya"}
{"id":1590,"name":"HBO Canada"}
{"id":1595,"name":"Dramax"}
{"id":1596,"name":"Now TV"}
{"id":1598,"name":"CCTV-9"}
{"id":1600,"name":"CNC"}
{"id":1601,"name":"TNU"}
{"id":1603,"name":"C8"}
{"id":1604,"name":"TRT Haber"}
{"id":1605,"name":"bilibili"}
{"id":1606,"name":"Carousel"}
{"id":1607,"name":"Mult"}
{"id":1608,"name":"TLUM HD"}
{"id":1616,"name":"Canal Sur"}
{"id":1620,"name":"TVR 1 "}
{"id":1624,"name":"Zee Telugu"}
{"id":1625,"name":"Ukraine "}
{"id":1628,"name":"Arte "}
{"id":1630,"name":"showcase"}
{"id":1631,"name":"Mango TV"}
{"id":1633,"name":"RT UK"}
{"id":1635,"name":"Inter"}
{"id":1637,"name":"STAR World India"}
{"id":1640,"name":"Fox Premium Series"}
{"id":1641,"name":"FX Brasil"}
{"id":1647,"name":"Zvezda "}
{"id":1648,"name":"Kanal 4"}
{"id":1649,"name":"TV3"}
{"id":1650,"name":"Kvartal TV"}
{"id":1651,"name":"Fox Latin America"}
{"id":1652,"name":"FDF"}
{"id":1655,"name":"Canal+ Family"}
{"id":1658,"name":"Dplay"}
{"id":1661,"name":"BMW Films"}
{"id":1665,"name":"funk"}
{"id":1668,"name":"OnDirecTV"}
{"id":1669,"name":"Nolife"}
{"id":1670,"name":"Be Mad"}
{"id":1671,"name":"LINE TV"}
{"id":1672,"name":"HGTV Canada"}
{"id":1674,"name":"JiangXi TV"}
{"id":1675,"name":"OSN"}
{"id":1677,"name":"STUDIO+"}
{"id":1688,"name":"Fullscreen"}
{"id":1689,"name":"Facebook Live"}
{"id":1690,"name":"FlopTV"}
{"id":1692,"name":"RTL II You"}
{"id":1698,"name":"Geo Tez"}
{"id":1699,"name":"Geo Kahani"}
{"id":1703,"name":"Nick Pakistan"}
{"id":1706,"name":"8XM"}
{"id":1708,"name":"Sab Tv"}
{"id":1709,"name":"CBS All Access"}
{"id":1710,"name":"Al-Nahar One"}
{"id":1714,"name":"Super Écran"}
{"id":1716,"name":"RTL2"}
{"id":1718,"name":"TVI"}
{"id":1721,"name":"7mate"}
{"id":1725,"name":"Urban TV Uganda"}
{"id":1728,"name":"E Channel"}
{"id":1735,"name":"Spike"}
{"id":1739,"name":"Lifestyle FOOD"}
{"id":1740,"name":"Tushy.com"}
{"id":1742,"name":"Astro Warna"}
{"id":1743,"name":"Astro Prima"}
{"id":1744,"name":"Astro Maya"}
{"id":1747,"name":"BluTV"}
{"id":1748,"name":"GloboNews"}
{"id":1753,"name":"RTS Un"}
{"id":1755,"name":"History"}
{"id":1756,"name":"National Geographic Channel"}
{"id":1757,"name":"RTÉjr"}
{"id":1760,"name":"Maxdome"}
{"id":1763,"name":"Al Jazeera English"}
{"id":1765,"name":"BS Asahi"}
{"id":1766,"name":"HOT8"}
{"id":1768,"name":"Manhattan Neighborhood Network"}
{"id":1769,"name":"Fusion"}
{"id":1771,"name":"Crime & Investigation Network"}
{"id":1772,"name":"Hulu Japan"}
{"id":1773,"name":"ICI ARTV"}
{"id":1775,"name":"VRV"}
{"id":1784,"name":"ONE 31"}
{"id":1785,"name":"Évasion"}
{"id":1786,"name":"Astro Shuang Xing"}
{"id":1787,"name":"MediaCorp Channel 8"}
{"id":1788,"name":"Voyage"}
{"id":1791,"name":"Sony Pal"}
{"id":1793,"name":"SuomiTV"}
{"id":1795,"name":"ORF III"}
{"id":1796,"name":"EBS 1"}
{"id":1799,"name":"DPTV"}
{"id":1801,"name":"OBBOD"}
{"id":1804,"name":"HOT VOD Young"}
{"id":1806,"name":"Video Pass"}
{"id":1807,"name":"RTV 1"}
{"id":1813,"name":"NPR"}
{"id":1814,"name":"SHO.com"}
{"id":1815,"name":"HD1"}
{"id":1817,"name":"The 101"}
{"id":1818,"name":"MCE TV"}
{"id":1822,"name":"NOVE"}
{"id":1823,"name":"Elisa Viihde"}
{"id":1825,"name":"National Geographic Channel"}
{"id":1826,"name":"kykNET"}
{"id":1828,"name":"13th Street"}
{"id":1829,"name":"DSF"}
{"id":1830,"name":"Comédie+"}
{"id":1842,"name":"Nifty-Serve"}
{"id":1843,"name":"Geo Entertainment"}
{"id":1844,"name":"EinsFestival"}
{"id":1846,"name":"RTLTVI"}
{"id":1847,"name":"Family Jr."}
{"id":1861,"name":"Rajawali Televisi"}
{"id":1870,"name":"KidZ"}
{"id":1874,"name":"Dove Channel"}
{"id":1877,"name":"Hypp Sensasi"}
{"id":1882,"name":"AP1"}
{"id":1885,"name":"Yle Teema"}
{"id":1887,"name":"MBC Drama"}
{"id":1891,"name":"Televizija Skopje"}
{"id":1892,"name":"Really"}
{"id":1893,"name":"tagesschau24"}
{"id":1895,"name":"EWTN Televisión"}
{"id":1896,"name":"FBS"}
{"id":1899,"name":"OCS Max"}
{"id":1901,"name":"Odisea"}
{"id":1902,"name":"Blim"}
{"id":1907,"name":"Real Madrid TV"}
{"id":1909,"name":"Premiere "}
{"id":1910,"name":"True4U"}
{"id":1920,"name":"Sympatico"}
{"id":1921,"name":"Kebweb.tv"}
{"id":1922,"name":"enVedette"}
{"id":1923,"name":"KBS Joy"}
{"id":1924,"name":"JTBC2"}
{"id":1925,"name":"puhutv"}
{"id":1928,"name":"ON E"}
{"id":1929,"name":"Alhayah "}
{"id":1932,"name":"Apple Music"}
{"id":1934,"name":"CorriereDelloSport.it"}
{"id":1935,"name":"tuttosport.com"}
{"id":1937,"name":"Express Entertainment"}
{"id":1938,"name":"Canal 10"}
{"id":1939,"name":"DMC Drama"}
{"id":1942,"name":"NRK Super"}
{"id":1943,"name":"Channel A"}
{"id":1948,"name":"Al-Nahar Drama"}
{"id":1952,"name":"CBCDrama"}
{"id":1957,"name":"Ary Musik"}
{"id":1958,"name":"PTV Home"}
{"id":1960,"name":"A Plus"}
{"id":1962,"name":"Jalwa"}
{"id":1974,"name":"GMM 25"}
{"id":1975,"name":"KKTV"}
{"id":1977,"name":"VRT NU"}
{"id":1979,"name":"RTL Plus"}
{"id":1988,"name":"All 4"}
{"id":1989,"name":"ICI Explora"}
{"id":1992,"name":"ERF 1"}
{"id":1996,"name":"Disney Channel"}
{"id":1997,"name":"RTL Gold"}
{"id":2000,"name":"Kabel 1 Doku"}
{"id":2003,"name":"AXN"}
{"id":2006,"name":"UFC FIGHT PASS"}
{"id":2007,"name":"Tencent Video"}
{"id":2016,"name":"Stargate Command"}
{"id":2018,"name":"Ora TV"}
{"id":2019,"name":"OzoneTV"}
{"id":2021,"name":"XTM"}
{"id":2026,"name":"NHK BS2"}
{"id":2028,"name":"Canal Viva"}
{"id":2032,"name":"PLANÈTE+"}
{"id":2035,"name":"Star Maa"}
{"id":2036,"name":"UMAX"}
{"id":2037,"name":"Red Bull TV"}
{"id":2043,"name":"Signal 23 TV"}
{"id":2049,"name":"Henan TV"}
{"id":2053,"name":"ArirangTV"}
{"id":2054,"name":"vtmKzoom"}
{"id":2055,"name":"Urdu 1"}
{"id":2058,"name":"13e rue"}
{"id":2061,"name":"MySpace"}
{"id":2062,"name":"Canal Vie"}
{"id":2064,"name":"TV Setouchi"}
{"id":2065,"name":"La Red"}
{"id":2072,"name":"TV 2 Fri"}
{"id":2076,"name":"Paramount Network"}
{"id":2081,"name":"Flowers TV"}
{"id":2082,"name":"SVT Flow"}
{"id":2084,"name":"Dream TV"}
{"id":2086,"name":"Viafree"}
{"id":2087,"name":"Discovery Channel"}
{"id":2088,"name":"Unis.TV"}
{"id":2090,"name":"Plug RTL"}
{"id":2097,"name":"Blackpills"}
{"id":2098,"name":"TV Vest"}
{"id":2101,"name":"TechTV"}
{"id":2102,"name":"G4TechTV"}
{"id":2103,"name":"The New TNN"}
{"id":2104,"name":"Tv Cubana"}
{"id":2105,"name":"CASA"}
{"id":2109,"name":"dekkoo"}
{"id":2112,"name":"ALTBalaji"}
{"id":2116,"name":"MTV Latin America"}
{"id":2118,"name":"ORF 2"}
{"id":2121,"name":"The Great Courses"}
{"id":2126,"name":"Canal Algérie"}
{"id":2130,"name":"ETB2"}
{"id":2132,"name":"DFF 2"}
{"id":2133,"name":"Universal Kids"}
{"id":2137,"name":"dTV"}
{"id":2138,"name":"La Sept"}
{"id":2139,"name":"hoichoi"}
{"id":2140,"name":"#0"}
{"id":2141,"name":"Heyo TV"}
{"id":2144,"name":"RTP Play"}
{"id":2145,"name":"FOX España"}
{"id":2146,"name":"ViuTV"}
{"id":2147,"name":"ARD-alpha"}
{"id":2151,"name":"DR Ultra"}
{"id":2156,"name":"TV Gelderland"}
{"id":2159,"name":"Space"}
{"id":2161,"name":"BNNVARA"}
{"id":2165,"name":"Télévision Tunisienne 1"}
{"id":2167,"name":"TLC Go"}
{"id":2169,"name":"WPIX"}
{"id":2170,"name":"Télétoon+"}
{"id":2171,"name":"NET"}
{"id":2173,"name":"Yorin"}
{"id":2176,"name":"GDS"}
{"id":2177,"name":"Televizija Republike Srpske"}
{"id":2178,"name":"Comedy Central"}
{"id":2179,"name":"Star Bharat"}
{"id":2182,"name":"BanglaVision"}
{"id":2184,"name":"Channel Nine"}
{"id":2186,"name":"GEM TV"}
{"id":2187,"name":"IRIB TV2"}
{"id":2193,"name":"Cartoon Network"}
{"id":2196,"name":"4fun.tv"}
{"id":2197,"name":"Staten Island Community Television"}
{"id":2198,"name":"ORTF Télévision 2"}
{"id":2209,"name":"Bangladesh Television"}
{"id":2210,"name":"Pick"}
{"id":2213,"name":"Astro First"}
{"id":2216,"name":"Telemetro"}
{"id":2219,"name":"Nepal Television"}
{"id":2220,"name":"T+E"}
{"id":2224,"name":"iflix"}
{"id":2226,"name":"Astro Oasis"}
{"id":2230,"name":"6ter"}
{"id":2233,"name":"GTH On Air"}
{"id":2234,"name":"MTV Japan"}
{"id":2236,"name":"Kanal 1"}
{"id":2237,"name":"KPN Presenteert"}
{"id":2238,"name":"Universal Channel"}
{"id":2239,"name":"Wretched Network"}
{"id":2242,"name":"La Xarxa"}
{"id":2243,"name":"DC Universe"}
{"id":2244,"name":"Dom Kino"}
{"id":2249,"name":"TV Centre"}
{"id":2250,"name":"Programme One"}
{"id":2257,"name":"WalmartTV"}
{"id":2258,"name":"Talpa"}
{"id":2259,"name":"TVR9"}
{"id":2261,"name":"XtvN"}
{"id":2263,"name":"Fearless"}
{"id":2265,"name":"Showmax"}
{"id":2268,"name":"Nitteleplus"}
{"id":2269,"name":"O Channel"}
{"id":2272,"name":"Pelangi TV"}
{"id":2273,"name":"Toute l'Histoire"}
{"id":2279,"name":"L!VE TV"}
{"id":2283,"name":"VIDI Space"}
{"id":2287,"name":"Spektrum"}
{"id":2289,"name":"TV2000"}
{"id":2290,"name":"ICI RDI"}
{"id":2293,"name":"ITN"}
{"id":2294,"name":"MTV Nederland"}
{"id":2296,"name":"77E"}
{"id":2298,"name":"CBC Comedy"}
{"id":2299,"name":"RSI LA1"}
{"id":2300,"name":"Hallmark Movies & Mysteries"}
{"id":2301,"name":"dk4"}
{"id":2302,"name":"EBC Variety"}
{"id":2306,"name":"NHK BS Premium"}
{"id":2307,"name":"The Box"}
{"id":2309,"name":"Canal Famille"}
{"id":2310,"name":"TQS"}
{"id":2312,"name":"Razer"}
{"id":2313,"name":"Nickelodeon India"}
{"id":2314,"name":"Nickelodeon"}
{"id":2315,"name":"Nick Jr."}
{"id":2316,"name":"Fox Footy"}
{"id":2317,"name":"Fox Sports 1"}
{"id":2318,"name":"Country Music Channel"}
{"id":2319,"name":"Fox Brasil"}
{"id":2320,"name":"Fox Business Network"}
{"id":2322,"name":"Pop Max"}
{"id":2324,"name":"Disney XD"}
{"id":2325,"name":"Disney Junior"}
{"id":2326,"name":"Disney XD"}
{"id":2327,"name":"Disney Channel"}
{"id":2331,"name":"RTM2"}
{"id":2332,"name":"Nou"}
{"id":2334,"name":"NHK"}
{"id":2342,"name":"MediaCorp Central"}
{"id":2346,"name":"Fuel TV"}
{"id":2349,"name":"CuriosityStream"}
{"id":2354,"name":"PBS Digital Studios"}
{"id":2355,"name":"TV One"}
{"id":2356,"name":"Astro Vaanavil"}
{"id":2360,"name":"History"}
{"id":2361,"name":"HTV9"}
{"id":2362,"name":"VTV6"}
{"id":2363,"name":"Sundance Now"}
{"id":2371,"name":"Facebook Watch"}
{"id":2374,"name":"ATV Home"}
{"id":2375,"name":"SBS funE"}
{"id":2380,"name":"RTS Deux"}
{"id":2382,"name":"History"}
{"id":2384,"name":"ČT2"}
{"id":2385,"name":"RTBF.be"}
{"id":2386,"name":"RTB1"}
{"id":2388,"name":"OUFtivi"}
{"id":2389,"name":"La Deux"}
{"id":2390,"name":"Jednotka"}
{"id":2392,"name":"Crime + Investigation"}
{"id":2393,"name":"Crime + Investigation"}
{"id":2397,"name":"Fuji TV NEXT"}
{"id":2398,"name":"TV Rain "}
{"id":2406,"name":"Viaplay"}
{"id":2407,"name":"Brazzers TV"}
{"id":2408,"name":"noovo.ca"}
{"id":2409,"name":"vtele.ca"}
{"id":2410,"name":"tv5.ca"}
{"id":2411,"name":"vrak.tv"}
{"id":2412,"name":"NPO 2"}
{"id":2414,"name":"MTV 1"}
{"id":2424,"name":"Dlife"}
{"id":2427,"name":"TF6"}
{"id":2428,"name":"Lotus Play"}
{"id":2430,"name":"W."}
{"id":2431,"name":"W."}
{"id":2432,"name":"Sky Sport"}
{"id":2433,"name":"V LIVE"}
{"id":2434,"name":"Keshet 12"}
{"id":2435,"name":"Paramount Comedy 1"}
{"id":2436,"name":"Comedy Central"}
{"id":2437,"name":"Shanghai Television"}
{"id":2438,"name":"TV1"}
{"id":2440,"name":"MBC Drama"}
{"id":2441,"name":"Al Kahera Wal Nas"}
{"id":2443,"name":"Skynet TV"}
{"id":2444,"name":"MotorTrend"}
{"id":2445,"name":"Jetix"}
{"id":2446,"name":"Fox Kids"}
{"id":2447,"name":"Univision"}
{"id":2448,"name":"TFX"}
{"id":2449,"name":"Telecentro"}
{"id":2451,"name":"Brat"}
{"id":2455,"name":"Viasat3"}
{"id":2457,"name":"ATV"}
{"id":2458,"name":"ATV"}
{"id":2459,"name":"KBS Drama"}
{"id":2460,"name":"BSN"}
{"id":2461,"name":"tys"}
{"id":2462,"name":"NBC"}
{"id":2464,"name":"HOT Entertainment"}
{"id":2465,"name":"CCTV-14"}
{"id":2466,"name":"HRT 1"}
{"id":2467,"name":"HRT 2"}
{"id":2468,"name":"UKTV Style"}
{"id":2469,"name":"GolTV"}
{"id":2471,"name":"MMUSA"}
{"id":2472,"name":"Ecuavisa"}
{"id":2473,"name":"ETB 1"}
{"id":2474,"name":"ERT1"}
{"id":2475,"name":"Mega TV (SP)"}
{"id":2476,"name":"MEGA"}
{"id":2477,"name":"DD Metro"}
{"id":2478,"name":"Tochigi TV"}
{"id":2479,"name":"TVtropolis"}
{"id":2480,"name":"Discovery Home"}
{"id":2481,"name":"UKTV History"}
{"id":2482,"name":"WebSerials.com"}
{"id":2483,"name":"Justice Central"}
{"id":2484,"name":"Leafrad"}
{"id":2485,"name":"América TV"}
{"id":2486,"name":"Universo"}
{"id":2487,"name":"JTBC4"}
{"id":2488,"name":"ABC Nyheter"}
{"id":2489,"name":"FIST Production"}
{"id":2490,"name":"Canal Q"}
{"id":2492,"name":"Kapatid TV5"}
{"id":2493,"name":"Start"}
{"id":2495,"name":"TS1"}
{"id":2497,"name":"3net"}
{"id":2498,"name":"Tooniverse"}
{"id":2499,"name":"Escape"}
{"id":2500,"name":"Kentucky Educational Television"}
{"id":2502,"name":"Belgische Radio- en Televisieomroep"}
{"id":2505,"name":"LDC"}
{"id":2506,"name":"UN3TV"}
{"id":2509,"name":"Milkshake!"}
{"id":2511,"name":"Federalna Televizija"}
{"id":2513,"name":"MBC M"}
{"id":2514,"name":"Perv"}
{"id":2516,"name":"Fifth Channel"}
{"id":2517,"name":"WTBS Atlanta"}
{"id":2518,"name":"Perets"}
{"id":2519,"name":"Che"}
{"id":2520,"name":"360°"}
{"id":2522,"name":"Z"}
{"id":2523,"name":"DirecTV Now"}
{"id":2524,"name":"Tiji"}
{"id":2525,"name":"BHNews TV"}
{"id":2527,"name":"3+"}
{"id":2528,"name":"CBS Reality"}
{"id":2531,"name":"DMAX"}
{"id":2532,"name":"VOOT"}
{"id":2534,"name":"Disney Channel"}
{"id":2536,"name":"Saint Thomas Productions"}
{"id":2538,"name":"FOXTELECOLOMBIA"}
{"id":2539,"name":"MUNDOFOX"}
{"id":2540,"name":"ESPN"}
{"id":2541,"name":"Locomotion TV"}
{"id":2543,"name":"Russian detective"}
{"id":2544,"name":"Vidol"}
{"id":2545,"name":"Infomix"}
{"id":2546,"name":"ART Hekayat"}
{"id":2547,"name":"ART Hekayat Kaman"}
{"id":2548,"name":"CBC"}
{"id":2550,"name":"Alsumaria"}
{"id":2552,"name":"Apple TV+"}
{"id":2553,"name":"MBC Drama+"}
{"id":2554,"name":"MBC + Drama"}
{"id":2555,"name":"OSN Ya Hala First"}
{"id":2556,"name":"MBC 4"}
{"id":2558,"name":"DAZN"}
{"id":2562,"name":"7mate"}
{"id":2563,"name":"SRF zwei"}
{"id":2565,"name":"Super3"}
{"id":2567,"name":"STS-Media"}
{"id":2570,"name":"Genius Kitchen"}
{"id":2571,"name":"Be tv"}
{"id":2572,"name":"Smithsonian Earth"}
{"id":2573,"name":"Asianet"}
{"id":2574,"name":"Neox"}
{"id":2575,"name":"Colors Kannada"}
{"id":2576,"name":"Star India"}
{"id":2578,"name":"Colors Super"}
{"id":2579,"name":"Sat1 Emotions"}
{"id":2582,"name":"Colors Marathi"}
{"id":2583,"name":"World Fishing Network"}
{"id":2584,"name":"Colors Bangla"}
{"id":2585,"name":"TV-6"}
{"id":2586,"name":"oksusu"}
{"id":2587,"name":"BeeTV"}
{"id":2588,"name":"Teletica"}
{"id":2589,"name":"Odyssey Network"}
{"id":2590,"name":"ZEE5"}
{"id":2591,"name":"City"}
{"id":2593,"name":"HBO Family"}
{"id":2594,"name":"Yle Areena"}
{"id":2596,"name":"PlayZ"}
{"id":2597,"name":"wifey.tv"}
{"id":2599,"name":"Comedy.TV"}
{"id":2602,"name":"KREAM"}
{"id":2603,"name":"Rivit TV"}
{"id":2604,"name":"Paramount Network"}
{"id":2606,"name":"Roovet"}
{"id":2607,"name":"NWRV"}
{"id":2609,"name":"Energy"}
{"id":2610,"name":"Azteca 7"}
{"id":2611,"name":"RCG"}
{"id":2612,"name":"BabyKids"}
{"id":2613,"name":"Prime Box Brazil"}
{"id":2615,"name":"Sreda Production Company"}
{"id":2616,"name":"Anime Zone"}
{"id":2617,"name":"Česká televize"}
{"id":2618,"name":"NTV MIR"}
{"id":2619,"name":"7TV"}
{"id":2620,"name":"Stolitsa"}
{"id":2621,"name":"CBS.com"}
{"id":2623,"name":"Gloob"}
{"id":2624,"name":"PassionFlix"}
{"id":2626,"name":"VT4"}
{"id":2627,"name":"Q2"}
{"id":2629,"name":"Crypt TV"}
{"id":2630,"name":"Discovery Kids (BR)"}
{"id":2631,"name":"StyleHaul Network"}
{"id":2632,"name":"RB - Radio Bremen"}
{"id":2633,"name":"Студия за телевизионни филми „ЕКРАН“"}
{"id":2635,"name":"Anime Talko US"}
{"id":2636,"name":"OMNI"}
{"id":2637,"name":"Joodse Omroep"}
{"id":2638,"name":"Gulli"}
{"id":2639,"name":"A&E"}
{"id":2641,"name":"Eyeworks"}
{"id":2642,"name":"RTL Crime"}
{"id":2644,"name":"upian."}
{"id":2645,"name":"ONF/NFB"}
{"id":2646,"name":"Sony Liv"}
{"id":2647,"name":"IB3"}
{"id":2648,"name":"Fox Action Movies"}
{"id":2649,"name":"Tokyo 12"}
{"id":2651,"name":"OLM"}
{"id":2653,"name":"Jewelry Television"}
{"id":2656,"name":"Fight Network"}
{"id":2657,"name":"HKSTV"}
{"id":2658,"name":"RMC Sport"}
{"id":2659,"name":"CCTV-5"}
{"id":2660,"name":"Mono29"}
{"id":2661,"name":"Ebru TV"}
{"id":2664,"name":"N24"}
{"id":2665,"name":"Massengeschmack.TV"}
{"id":2666,"name":"Obbod TV"}
{"id":2667,"name":"Sky Atlantic "}
{"id":2668,"name":"Bibel TV"}
{"id":2669,"name":"Hello Sunshine"}
{"id":2671,"name":"TLC (DE)"}
{"id":2672,"name":"Contar"}
{"id":2673,"name":"NESSMA TV"}
{"id":2674,"name":"Canal 22"}
{"id":2677,"name":"OnDirectTV"}
{"id":2678,"name":"Canal FOX"}
{"id":2679,"name":"DTV"}
{"id":2680,"name":"FILM.UA"}
{"id":2681,"name":"OUTtvGo"}
{"id":2684,"name":"Polynésie 1ère"}
{"id":2686,"name":"Fox Kids"}
{"id":2687,"name":"Foxtel Arts"}
{"id":2689,"name":"Shueisha"}
{"id":2691,"name":"Sky Witness"}
{"id":2692,"name":"Discovery Channel "}
{"id":2693,"name":"KVCW"}
{"id":2695,"name":"HOOQ"}
{"id":2697,"name":"Acorn TV"}
{"id":2698,"name":"Filmation"}
{"id":2699,"name":"Sky Krimi"}
{"id":2700,"name":"UMC"}
{"id":2701,"name":"Spiegel Geschichte"}
{"id":2702,"name":"TV8"}
{"id":2703,"name":"Studio 4"}
{"id":2704,"name":"PPTV"}
{"id":2705,"name":"AtomFilms"}
{"id":2706,"name":"Jumondo"}
{"id":2707,"name":"Yes TV"}
{"id":2708,"name":"Ruutu"}
{"id":2711,"name":"Style Network"}
{"id":2714,"name":"SpiegelTV"}
{"id":2715,"name":"TV 8"}
{"id":2716,"name":"Eros Now"}
{"id":2717,"name":"Aj+ Arabi"}
{"id":2718,"name":"RDS Info"}
{"id":2722,"name":"Urbania.ca"}
{"id":2724,"name":"Pixibox"}
{"id":2727,"name":"Chukyo TV"}
{"id":2728,"name":"RNB"}
{"id":2729,"name":"Ustream"}
{"id":2732,"name":"Qatar TV"}
{"id":2733,"name":"Qatar Television"}
{"id":2734,"name":"Asenshu"}
{"id":2735,"name":"SAT.1 Gold"}
{"id":2736,"name":"NPS"}
{"id":2737,"name":"NOS"}
{"id":2739,"name":"Disney+"}
{"id":2741,"name":"Delante TV"}
{"id":2742,"name":"DMAX"}
{"id":2743,"name":"Focus"}
{"id":2745,"name":"Daum tvPot"}
{"id":2746,"name":"Rang"}
{"id":2748,"name":"Kakao TV"}
{"id":2754,"name":"BRB Internacional"}
{"id":2755,"name":"Filmmúzeum"}
{"id":2757,"name":"FreeSports"}
{"id":2758,"name":"sky Travel"}
{"id":2762,"name":"TRO"}
{"id":2763,"name":"FOD"}
{"id":2764,"name":"Gusto"}
{"id":2765,"name":"ТО «Экран»"}
{"id":2766,"name":"Coco Television"}
{"id":2771,"name":"Disney Junior"}
{"id":2772,"name":"KBS W"}
{"id":2775,"name":"Forte Entertainment"}
{"id":2778,"name":"MAN-GA"}
{"id":2779,"name":"TVN 7"}
{"id":2781,"name":"Animal Planet"}
{"id":2782,"name":"Love Nature"}
{"id":2785,"name":"VPK"}
{"id":2787,"name":"n-tv"}
{"id":2788,"name":"HERO'S"}
{"id":2789,"name":"ZJSTV"}
{"id":2791,"name":"ABCd"}
{"id":2793,"name":"Food Network"}
{"id":2794,"name":"Deejay TV"}
{"id":2795,"name":"Snapchat"}
{"id":2796,"name":"TOP kanal"}
{"id":2797,"name":"Rocket Beans TV"}
{"id":2798,"name":"Canal Savoir"}
{"id":2800,"name":"Houston Live TV Network - HLTV"}
{"id":2801,"name":"Ria HD"}
{"id":2802,"name":"Citra HD"}
{"id":2803,"name":"VH1"}
{"id":2804,"name":"DKISS"}
{"id":2806,"name":"WOW Presents Plus"}
{"id":2807,"name":"RocketJump"}
{"id":2808,"name":"Eurêka !"}
{"id":2812,"name":"Our House Productions"}
{"id":2815,"name":"Ilumiworld"}
{"id":2816,"name":"Netvideo"}
{"id":2817,"name":"ART & BOB"}
{"id":2818,"name":"Sogou TV"}
{"id":2819,"name":"GyaO!"}
{"id":2820,"name":"teve2"}
{"id":2828,"name":"Hungama"}
{"id":2829,"name":"TLC (HU)"}
{"id":2830,"name":"Sony TV"}
{"id":2833,"name":"Toei Tokusatsu Fan Club"}
{"id":2834,"name":"RTL+"}
{"id":2835,"name":"WKF"}
{"id":2839,"name":"One Channel Ostankino"}
{"id":2840,"name":"Squat"}
{"id":2841,"name":"Euro D"}
{"id":2842,"name":"Euro D (TR)"}
{"id":2843,"name":"D Max (TR)"}
{"id":2846,"name":"TV Finland"}
{"id":2847,"name":"Kanal 6"}
{"id":2848,"name":"JunkTV"}
{"id":2850,"name":"AnimeCable"}
{"id":2851,"name":"YellTV"}
{"id":2852,"name":"SoupNet"}
{"id":2853,"name":"Hallmark Movies Now"}
{"id":2854,"name":"ABC KIDS"}
{"id":2855,"name":"Sjónvarp Símans"}
{"id":2857,"name":"TNT Comedy"}
{"id":2858,"name":"Vidangel"}
{"id":2859,"name":"Premier"}
{"id":2860,"name":"KIRO-TV"}
{"id":2861,"name":"Hub VV Drama"}
{"id":2862,"name":"Gyeongin TV"}
{"id":2863,"name":"VTV "}
{"id":2865,"name":"TV3 Latvia"}
{"id":2866,"name":"Pursuit Channel"}
{"id":2869,"name":"Viaplay"}
{"id":2870,"name":"Balaji telefilms"}
{"id":2871,"name":"Spectrum"}
{"id":2872,"name":"SEC Network"}
{"id":2875,"name":"The Fantasy Network"}
{"id":2876,"name":"PlayPlus"}
{"id":2878,"name":"Tezuka Productions"}
{"id":2879,"name":"MAPPA"}
{"id":2880,"name":"MAGES."}
{"id":2881,"name":"Diomedea"}
{"id":2884,"name":"WOR-TV"}
{"id":2885,"name":"Stro TV"}
{"id":2886,"name":"Safari TV"}
{"id":2887,"name":"Comet"}
{"id":2888,"name":"CHARGE!"}
{"id":2892,"name":"Yoopa"}
{"id":2893,"name":"Makeful"}
{"id":2895,"name":"Top Channel "}
{"id":2897,"name":"Disney Channel"}
{"id":2898,"name":"Food Network Polska"}
{"id":2900,"name":"Atomic Network"}
{"id":2901,"name":"Spiegel TV Wissen"}
{"id":2902,"name":"ullu"}
{"id":2903,"name":"Zeste"}
{"id":2904,"name":"Open Beyond TV"}
{"id":2905,"name":"Family Gekijo"}
{"id":2906,"name":"IMDb Freedive"}
{"id":2908,"name":"LOGOonline"}
{"id":2909,"name":"STV"}
{"id":2911,"name":"CreativeLive"}
{"id":2912,"name":"Kelbyone"}
{"id":2917,"name":"TéléSud"}
{"id":2919,"name":"unis.ca"}
{"id":2921,"name":"Imagen Televisión"}
{"id":2922,"name":"TV5Monde"}
{"id":2923,"name":"Russia-Kultura"}
{"id":2924,"name":"Lithuanian television"}
{"id":2925,"name":"TVNOW"}
{"id":2926,"name":"NRK P3"}
{"id":2927,"name":"RÚV"}
{"id":2928,"name":"Algemene Vereniging Radio Omroep (AVRO)"}
{"id":2931,"name":"CQTV"}
{"id":2932,"name":"TGRT"}
{"id":2934,"name":"TeleUV"}
{"id":2935,"name":"Korean Central Television"}
{"id":2936,"name":"NOW 26"}
{"id":2937,"name":"Workpoint TV"}
{"id":2939,"name":"Super TV2"}
{"id":2941,"name":"Амедиа Продакшн"}
{"id":2943,"name":"mcot family"}
{"id":2945,"name":"Slash"}
{"id":2946,"name":"SDR"}
{"id":2947,"name":"Tc Televisión"}
{"id":2949,"name":"Shudder"}
{"id":2950,"name":"TV RIK"}
{"id":2952,"name":"MRT"}
{"id":2953,"name":"MAtv"}
{"id":2954,"name":"Nation TV"}
{"id":2955,"name":"Superstar"}
{"id":2956,"name":"Voice tv"}
{"id":2957,"name":"TVI24"}
{"id":2960,"name":"12"}
{"id":2961,"name":"China Literature Limited"}
{"id":2962,"name":"Shanghai Motion Magic"}
{"id":2963,"name":"DT Production"}
{"id":2964,"name":"MX Player"}
{"id":2965,"name":"Playtvak.cz"}
{"id":2966,"name":"Studio Hamburg"}
{"id":2967,"name":"Banijay Asia"}
{"id":2968,"name":"MMTV"}
{"id":2969,"name":"Bon Appétit"}
{"id":2970,"name":"Kan 11"}
{"id":2971,"name":"mtmad"}
{"id":2972,"name":"MTV (ES)"}
{"id":2974,"name":"Lifetime"}
{"id":2975,"name":"Animax Korea"}
{"id":2976,"name":"Aniplus"}
{"id":2977,"name":"TV6"}
{"id":2978,"name":"ThaiCh8"}
{"id":2979,"name":"СПАС"}
{"id":2980,"name":"Viu"}
{"id":2981,"name":"CBC Gem"}
{"id":2983,"name":"France TV Slash"}
{"id":2984,"name":"France Ô"}
{"id":2985,"name":"CinemArt"}
{"id":2988,"name":"Comedy Central (AU)"}
{"id":2991,"name":"Playhouse Disney"}
{"id":2992,"name":"Machinima"}
{"id":2994,"name":"Clan"}
{"id":2995,"name":"MALL.TV"}
{"id":2996,"name":"IMDb"}
{"id":2997,"name":"Television Azerbaijan SSR"}
{"id":2998,"name":"Azərbaycan Televiziyası"}
{"id":2999,"name":"Urban Wall Street"}
{"id":3001,"name":"Spotlyte Media"}
{"id":3002,"name":"Streamwaze"}
{"id":3004,"name":"Nova"}
{"id":3005,"name":"Television Georgian SSR"}
{"id":3006,"name":"Tunisie 7"}
{"id":3007,"name":"MusicBox"}
{"id":3009,"name":"Imedi TV"}
{"id":3010,"name":"Historia"}
{"id":3011,"name":"meWATCH"}
{"id":3014,"name":"1 TV"}
{"id":3019,"name":"IDNES.tv"}
{"id":3020,"name":"HTV-Pakistan"}
{"id":3021,"name":"iWant"}
{"id":3022,"name":"Wawayu Animation"}
{"id":3024,"name":"Claro Video"}
{"id":3026,"name":"Sun TV"}
{"id":3030,"name":"Line News"}
{"id":3031,"name":"Friday!"}
{"id":3032,"name":"ZIZ Entertainment"}
{"id":3034,"name":"addatimes"}
{"id":3035,"name":"Медиа Контент групп"}
{"id":3036,"name":"НЬЮ АРТ СИНЕМА ПРОДАКШН"}
{"id":3037,"name":"MeTV"}
{"id":3038,"name":"ERR"}
{"id":3040,"name":"MBC 2"}
{"id":3041,"name":"OTV"}
{"id":3042,"name":"Comarex S.A. de C.V."}
{"id":3043,"name":"Reykjavik Films"}
{"id":3044,"name":"sundancechannel.com"}
{"id":3045,"name":"Discovery Channel"}
{"id":3046,"name":"Yahoo! Japan"}
{"id":3047,"name":"ENV"}
{"id":3048,"name":"GomTV"}
{"id":3049,"name":"TV5 Monde Afrique"}
{"id":3050,"name":"Planète+ A&E"}
{"id":3052,"name":"Metro"}
{"id":3053,"name":"TV Tupi"}
{"id":3055,"name":"ztele.com"}
{"id":3056,"name":"TV-14"}
{"id":3057,"name":"trvl"}
{"id":3058,"name":"Союзмультфильм"}
{"id":3059,"name":"Bell Fibe TV1"}
{"id":3061,"name":"Estrella TV"}
{"id":3062,"name":"Rainbow Media"}
{"id":3063,"name":"blip.tv"}
{"id":3066,"name":"Lagardère Studios Distribution"}
{"id":3067,"name":"TVN Style"}
{"id":3068,"name":"Canal+ Discovery"}
{"id":3069,"name":"Polsat PLAY"}
{"id":3070,"name":"DMC"}
{"id":3072,"name":"Decades"}
{"id":3073,"name":"Mello Thailand"}
{"id":3074,"name":"Television Latvian SSR"}
{"id":3076,"name":"广东巨星影业"}
{"id":3077,"name":"海南菲尔姆影业"}
{"id":3078,"name":"OCS"}
{"id":3080,"name":"MAXStream"}
{"id":3081,"name":"VidAngel"}
{"id":3082,"name":"Comedy Central"}
{"id":3083,"name":"First Channel Ostankino"}
{"id":3084,"name":"Drink TV"}
{"id":3085,"name":"telequebec.tv"}
{"id":3086,"name":"PTN"}
{"id":3087,"name":"TTV"}
{"id":3088,"name":"Señal Colombia"}
{"id":3089,"name":"Rai YoYo"}
{"id":3090,"name":"Echorouk Plus"}
{"id":3091,"name":"Quibi"}
{"id":3093,"name":"Kanal 7"}
{"id":3094,"name":"Bioscope"}
{"id":3095,"name":"山东齐鲁电视台"}
{"id":3097,"name":"Topic"}
{"id":3098,"name":"TOGGO plus"}
{"id":3099,"name":"Canal 22"}
{"id":3100,"name":"Radiotelevisión de Veracruz"}
{"id":3101,"name":"Bleacher Report"}
{"id":3102,"name":"Amrita TV"}
{"id":3103,"name":"All3Media"}
{"id":3104,"name":"NDTV Imagine"}
{"id":3105,"name":"BOL Network"}
{"id":3106,"name":"LCN"}
{"id":3107,"name":"UTV Stars"}
{"id":3108,"name":"TVOne Global"}
{"id":3109,"name":"Nippon News Network"}
{"id":3110,"name":"Fuji News Network"}
{"id":3111,"name":"TXN Network"}
{"id":3112,"name":"Sari-Sari Channel"}
{"id":3113,"name":"CCTV-10"}
{"id":3114,"name":"BTV"}
{"id":3115,"name":"Canal 1"}
{"id":3116,"name":"Dawn News"}
{"id":3117,"name":"Apna TV"}
{"id":3118,"name":"9X"}
{"id":3121,"name":"Dunya TV"}
{"id":3126,"name":"卡酷少儿"}
{"id":3127,"name":"金鹰卡通"}
{"id":3128,"name":"logotv.com"}
{"id":3129,"name":"O tvN"}
{"id":3130,"name":"PTV One"}
{"id":3132,"name":"Zeus Network"}
{"id":3133,"name":"Zind"}
{"id":3135,"name":"Warner Bros. International Television Production"}
{"id":3136,"name":"TVN"}
{"id":3138,"name":"Sky Vision"}
{"id":3139,"name":"RNN7"}
{"id":3140,"name":"BOL Entertainment"}
{"id":3141,"name":"ARY News"}
{"id":3142,"name":"Dunya News"}
{"id":3143,"name":"Express News"}
{"id":3144,"name":"News One"}
{"id":3145,"name":"Samaa TV"}
{"id":3146,"name":"Geo News"}
{"id":3147,"name":"Lahore News HD"}
{"id":3148,"name":"Abb Takk News"}
{"id":3149,"name":"24 News HD"}
{"id":3150,"name":"City 41"}
{"id":3151,"name":"Jaag TV"}
{"id":3152,"name":"Digital Playground"}
{"id":3155,"name":"joyn"}
{"id":3156,"name":"Sony ESPN"}
{"id":3158,"name":"Hum Sitaray"}
{"id":3159,"name":"Zee News"}
{"id":3160,"name":"India TV"}
{"id":3162,"name":"Kayden James Media"}
{"id":3163,"name":"WWOR-TV"}
{"id":3164,"name":"Hum Europe"}
{"id":3165,"name":"Channel News Asia (CNA)"}
{"id":3168,"name":"Westwood One"}
{"id":3169,"name":"Cosmote TV"}
{"id":3170,"name":"ZDFkultur"}
{"id":3171,"name":"Network Television Marketing"}
{"id":3172,"name":"Tricon Films & Television"}
{"id":3174,"name":"Viu"}
{"id":3175,"name":"BLADE"}
{"id":3176,"name":"Thundray"}
{"id":3177,"name":"Xee"}
{"id":3178,"name":"TVN Turbo"}
{"id":3179,"name":"Alive Vertrieb und Marketing"}
{"id":3180,"name":"Meteor Film"}
{"id":3181,"name":"Trece"}
{"id":3183,"name":"TRT 2"}
{"id":3184,"name":"PUFF"}
{"id":3185,"name":"ARY Zindagi"}
{"id":3186,"name":"HBO Max"}
{"id":3187,"name":"ITV Encore"}
{"id":3189,"name":"Viacom TV"}
{"id":3190,"name":"CBS Drama"}
{"id":3191,"name":"100 TV"}
{"id":3192,"name":"Zee Kannada"}
{"id":3195,"name":"Foro TV"}
{"id":3196,"name":"Vice.com"}
{"id":3197,"name":"Discovery JEET"}
{"id":3198,"name":"IndiaCast Media Distribution"}
{"id":3199,"name":"Viacom18 Media"}
{"id":3200,"name":"Fukushima Television Broadcasting Co., Ltd."}
{"id":3201,"name":"Hiroshima TV"}
{"id":3202,"name":"TV Hokkaido"}
{"id":3203,"name":"BUILD Series"}
{"id":3204,"name":"PTV World"}
{"id":3205,"name":"A"}
{"id":3206,"name":"Zee Zindagi"}
{"id":3207,"name":"Rishtey TV"}
{"id":3208,"name":"MBC Bollywood"}
{"id":3209,"name":"Televizija OBN"}
{"id":3210,"name":"Diema Family"}
{"id":3211,"name":"RTL Passion"}
{"id":3212,"name":"NEX1TV"}
{"id":3213,"name":"Astana TV"}
{"id":3214,"name":"Kohavision TV"}
{"id":3215,"name":"2M TV"}
{"id":3216,"name":"Kanal 5"}
{"id":3217,"name":"Kanal D Romania"}
{"id":3218,"name":"Viva"}
{"id":3220,"name":"BS4"}
{"id":3232,"name":"ATV"}
{"id":3233,"name":"Warner Media, LLC"}
{"id":3234,"name":"Tudou"}
{"id":3235,"name":"Newgrounds"}
{"id":3236,"name":"Azul Televisión"}
{"id":3238,"name":"Attessia TV"}
{"id":3240,"name":"SNS"}
{"id":3241,"name":"Hum Network Limited"}
{"id":3243,"name":"Wayufilm Production"}
{"id":3244,"name":"DRG History"}
{"id":3245,"name":"Pluto TV"}
{"id":3246,"name":"Korku"}
{"id":3247,"name":"Aksiyon"}
{"id":3248,"name":"Doğaüstü Güçler"}
{"id":3249,"name":"Psikolojik"}
{"id":3250,"name":"Seinen"}
{"id":3251,"name":"Gizem"}
{"id":3252,"name":"Dram"}
{"id":3253,"name":"Fantastik"}
{"id":3254,"name":"Tarihi"}
{"id":3255,"name":"Romantizm"}
{"id":3256,"name":"Macera"}
{"id":3257,"name":"Putalocura.com"}
{"id":3258,"name":"Daum"}
{"id":3259,"name":"Lismo TV"}
{"id":3260,"name":"Namava"}
{"id":3261,"name":"Televizija Zagreb"}
{"id":3262,"name":"GZTV"}
{"id":3263,"name":"histoire"}
{"id":3264,"name":"MBC QueeN"}
{"id":3265,"name":"DMM Picture"}
{"id":3266,"name":"GagaOOLala"}
{"id":3267,"name":"CFT Constantino Filmes TV"}
{"id":3268,"name":"Animax Asia"}
{"id":3272,"name":"CanalPlay"}
{"id":3273,"name":"La Cinq"}
{"id":3274,"name":"AB1"}
{"id":3275,"name":"AB4"}
{"id":3277,"name":"Shabakeye Namayesh Khanegi"}
{"id":3278,"name":"BBC Scotland"}
{"id":3279,"name":"DR Ramasjang"}
{"id":3281,"name":"Amarin TV"}
{"id":3282,"name":"ProSieben Maxx"}
{"id":3283,"name":"Pantaya"}
{"id":3284,"name":"Vitaya"}
{"id":3285,"name":"canalvie.com"}
{"id":3286,"name":"Aaj News"}
{"id":3287,"name":"Bol News"}
{"id":3289,"name":"TV Pětka"}
{"id":3290,"name":"Globoplay"}
{"id":3291,"name":"Channel 28 SD"}
{"id":3292,"name":"CINE.AR"}
{"id":3293,"name":"UHF Station"}
{"id":3294,"name":"Investigation"}
{"id":3295,"name":"Azteca Uno"}
{"id":3296,"name":"AMI-tv"}
{"id":3297,"name":"UULA"}
{"id":3298,"name":"TVE Brasil"}
{"id":3301,"name":"MagentaTV"}
{"id":3302,"name":"funnyordie.com"}
{"id":3303,"name":"Astro Ceria"}
{"id":3304,"name":"tva.ca"}
{"id":3305,"name":"a2"}
{"id":3306,"name":"凤凰卫视"}
{"id":3307,"name":"Play Entertainment"}
{"id":3308,"name":"HBO"}
{"id":3312,"name":"Metro One"}
{"id":3314,"name":"Play TV"}
{"id":3315,"name":"Style 360"}
{"id":3322,"name":"ABC.com"}
{"id":3326,"name":"AT5"}
{"id":3327,"name":"Watcho"}
{"id":3330,"name":"西瓜视频"}
{"id":3331,"name":"JSTV"}
{"id":3334,"name":"BTV"}
{"id":3335,"name":"TPS Jeunesse"}
{"id":3336,"name":"Planète Juniors"}
{"id":3337,"name":"Vudu"}
{"id":3339,"name":"Original Productions"}
{"id":3340,"name":"DDR1 (Dup)"}
{"id":3341,"name":"Toonami"}
{"id":3342,"name":"Pritish Nandy Communications"}
{"id":3343,"name":"BET+"}
{"id":3344,"name":"Mtavari Arkhi"}
{"id":3347,"name":"Redlight TV"}
{"id":3348,"name":"Mondo TV"}
{"id":3349,"name":"TV조선"}
{"id":3351,"name":"Ultra +"}
{"id":3353,"name":"Peacock"}
{"id":3355,"name":"National Geographic"}
{"id":3357,"name":"wavve"}
{"id":3358,"name":"PTS Taigi"}
{"id":3360,"name":"now.de"}
{"id":3362,"name":"stuff.co.nz"}
{"id":3370,"name":"STN"}
{"id":3372,"name":"IRIB Tamasha"}
{"id":3375,"name":"SVT Play"}
{"id":3378,"name":"Insight TV"}
{"id":3379,"name":"ČT art"}
{"id":3380,"name":"ČT :D"}
{"id":3381,"name":"Bright House Sports Network"}
{"id":3383,"name":"Televize Seznam"}
{"id":3388,"name":"ČT24"}
{"id":3389,"name":"MISH"}
{"id":3391,"name":"La Ruta Blanca | Caracol Internacional"}
{"id":3393,"name":"Hakka TV"}
{"id":3398,"name":"FR3"}
{"id":3401,"name":"НЛО.TV"}
{"id":3402,"name":"MTV-Hindi"}
{"id":3407,"name":"Prima ZOOM"}
{"id":3408,"name":"Disney Channel"}
{"id":3412,"name":"Universal TV"}
{"id":3413,"name":"Anhui TV"}
{"id":3414,"name":"AwesomenessTV App"}
{"id":3415,"name":"TV Asashi"}
{"id":3417,"name":"Nemeth/Star Productions"}
{"id":3418,"name":"Hikari TV"}
{"id":3419,"name":"Hikari TV Channel+"}
{"id":3420,"name":"سورية دراما"}
{"id":3421,"name":"addik.tv"}
{"id":3423,"name":"Prima COOL"}
{"id":3424,"name":"Prima LOVE"}
{"id":3425,"name":"Ivoox"}
{"id":3426,"name":"VIVA Network"}
{"id":3430,"name":"Çufo (AL)"}
{"id":3431,"name":"הופ!"}
{"id":3434,"name":"2BE"}
{"id":3435,"name":"GameTap"}
{"id":3436,"name":"First channel"}
{"id":3437,"name":"腾讯视频"}
{"id":3438,"name":"Hallmark Drama"}
{"id":3440,"name":"WebserieChoco"}
{"id":3441,"name":"Shout! Factory"}
{"id":3442,"name":"TFO"}
{"id":3443,"name":"Super Canal"}
{"id":3444,"name":"الشرقية"}
{"id":3445,"name":"Television in Syria"}
{"id":3447,"name":"Rai Storia"}
{"id":3448,"name":"BayaM"}
{"id":3450,"name":"Warpertv"}
{"id":3455,"name":"Formula Creative"}
{"id":3457,"name":"CBS (JP)"}
{"id":3458,"name":"Virgin Media One"}
{"id":3459,"name":"Canal 24 Horas"}
{"id":3460,"name":"TV 13"}
{"id":3461,"name":"CDA.pl"}
{"id":3462,"name":"Wenzhou TV"}
{"id":3463,"name":"RaiPlay"}
{"id":3464,"name":"Lionsgate"}
{"id":3465,"name":"Comic-Con HQ"}
{"id":3466,"name":" 10 Play"}
{"id":3468,"name":"Kumamoto Broadcasting"}
{"id":3469,"name":"Ammo Content"}
{"id":3470,"name":"Doga Kobo"}
{"id":3471,"name":"BS TV Tokyo"}
{"id":3472,"name":"Azoomee"}
{"id":3477,"name":"Dumpert"}
{"id":3480,"name":"rtm1"}
{"id":3483,"name":"FoxPlay"}
{"id":3485,"name":"Warner Home Video"}
{"id":3489,"name":"AIS PLAY"}
{"id":3490,"name":"Junior TV"}
{"id":3491,"name":"RDS"}
{"id":3492,"name":"FORTA"}
{"id":3499,"name":"TMS ( JP )"}
{"id":3500,"name":"hoichoi"}
{"id":3501,"name":"TNT España"}
{"id":3503,"name":"Звезда"}
{"id":3504,"name":"Viaplay"}
{"id":3505,"name":"Latvijas Televizija"}
{"id":3507,"name":"Radiotelevizija Beograd"}
{"id":3509,"name":"QQLive"}
{"id":3510,"name":"Novyi Kanal"}
{"id":3511,"name":"La Trois"}
{"id":3512,"name":"Flagman-Trade DVD"}
{"id":3513,"name":"SVT Barn"}
{"id":3515,"name":"Alibi"}
{"id":3520,"name":"Diyanet TV"}
{"id":3523,"name":"Cottage Life"}
{"id":3526,"name":"La5"}
{"id":3527,"name":"TFM"}
{"id":3528,"name":"ARTE Creative"}
{"id":3529,"name":"ICI TOU.TV Extra"}
{"id":3530,"name":"RCI viva"}
{"id":3531,"name":"noid124"}
{"id":3532,"name":"Rein Entertainment"}
{"id":3533,"name":"CGNTV"}
{"id":3534,"name":"ATV"}
{"id":3535,"name":"Fukui TV"}
{"id":3536,"name":"Viasat 4 (NO)"}
{"id":3537,"name":"Tello"}
{"id":3539,"name":"Geek and Sundry"}
{"id":3541,"name":"History"}
{"id":3544,"name":"Okoo"}
{"id":3546,"name":"BBC Television"}
{"id":3547,"name":"viu malaysia"}
{"id":3548,"name":"ANIME & SMOKE"}
{"id":3549,"name":"2STV"}
{"id":3550,"name":"SEN TV"}
{"id":3551,"name":"Wido"}
{"id":3552,"name":"BBC Home Service"}
{"id":3553,"name":"Epic Media"}
{"id":3554,"name":"Canal Trece"}
{"id":3555,"name":"Canal A"}
{"id":3556,"name":"Canal Uno"}
{"id":3558,"name":"Cinenord"}
{"id":3559,"name":"Club RTL"}
{"id":3560,"name":"TV2"}
{"id":3561,"name":"sky Drama"}
{"id":3562,"name":"JTBC3 Fox Sports"}
{"id":3564,"name":"UKTV Food"}
{"id":3567,"name":"zero+"}
{"id":3569,"name":"Skai"}
{"id":3571,"name":"TLC"}
{"id":3572,"name":"TV Okey"}
{"id":3575,"name":"Comedy Central Netherlands"}
{"id":3577,"name":"TV1"}
{"id":3579,"name":"Vidio.com"}
{"id":3580,"name":"Kan Educational"}
{"id":3582,"name":"PBS America"}
{"id":3583,"name":"À Punt"}
{"id":3587,"name":"5-tv"}
{"id":3588,"name":"moietcie.ca"}
{"id":3589,"name":"Astro GO"}
{"id":3590,"name":"BBC Knowledge"}
{"id":3591,"name":"Discovery Science"}
{"id":3594,"name":"Looke"}
{"id":3595,"name":"KBC"}
{"id":3596,"name":"BFBS"}
{"id":3597,"name":"SABC2"}
{"id":3598,"name":"TV Barrandov"}
{"id":3600,"name":"FremantleMedia"}
{"id":3601,"name":"NRJ 12"}
{"id":3603,"name":"RTV Slovenija"}
{"id":3606,"name":"pay per view"}
{"id":3609,"name":"doc station"}
{"id":3610,"name":"Elkins Entertainment"}
{"id":3611,"name":"Wakanim"}
{"id":3612,"name":"Seezn"}
{"id":3613,"name":"IDF1"}
{"id":3615,"name":"First Baltic"}
{"id":3616,"name":"TVNZ Duke"}
{"id":3617,"name":"Net TV"}
{"id":3618,"name":"HBO Brasil"}
{"id":3619,"name":"Jetix (PL)"}
{"id":3620,"name":"Kids Nick Polska"}
{"id":3622,"name":"CCTV"}
{"id":3623,"name":"absolut MEDIEN"}
{"id":3626,"name":"SHAHID"}
{"id":3627,"name":"Animal Planet"}
{"id":3628,"name":"Oasis HD"}
{"id":3630,"name":"tvN Movies"}
{"id":3631,"name":"2x2"}
{"id":3634,"name":"Radio-Québec"}
{"id":3635,"name":"Nagoya TV"}
{"id":3637,"name":"HIDIVE"}
{"id":3639,"name":"Comedy TV"}
{"id":3640,"name":"东阳正午阳光影视有限公司"}
{"id":3641,"name":"Puls 4"}
{"id":3642,"name":"one31"}
{"id":3644,"name":"FCT"}
{"id":3646,"name":"GameTV"}
{"id":3648,"name":"Pan Vision"}
{"id":3649,"name":"Götafilm"}
{"id":3651,"name":"ctv.ca"}
{"id":3653,"name":"Sky Crime"}
{"id":3654,"name":"Gunma TV"}
{"id":3655,"name":"BBC Television Centre"}
{"id":3657,"name":"TalkTalk"}
{"id":3658,"name":"HBC"}
{"id":3659,"name":"Planète+ Crime Investigation"}
{"id":3660,"name":"BBC South Africa"}
{"id":3661,"name":"KTV"}
{"id":3663,"name":"OGN"}
{"id":3664,"name":"tv5unis.ca"}
{"id":3665,"name":"Televisia (MX)"}
{"id":3666,"name":"Star Suvarna"}
{"id":3668,"name":"UOL. Doc"}
{"id":3673,"name":"APTN"}
{"id":3674,"name":"RMC Story"}
{"id":3677,"name":"バンダイチャンネル"}
{"id":3682,"name":"Telfaz11"}
{"id":3683,"name":"Universal Television"}
{"id":3684,"name":"Movies4Men"}
{"id":3685,"name":"d Anime Store"}
{"id":3687,"name":"Quest Red (GB)"}
{"id":3688,"name":"A&E"}
{"id":3689,"name":"Yippee"}
{"id":3690,"name":"BS SKYPER"}
{"id":3691,"name":"Xploration Station"}
{"id":3695,"name":"Hunan TV"}
{"id":3696,"name":"The Animation Band"}
{"id":3698,"name":"Sapporo Television Broadcasting"}
{"id":3699,"name":"ORTF Télévision 3"}
{"id":3701,"name":"Syfy"}
{"id":3702,"name":"Weverse"}
{"id":3705,"name":"RKK Kumamoto Broadcasting"}
{"id":3706,"name":"Vice TV"}
{"id":3707,"name":"Jyp Entertainment"}
{"id":3710,"name":"Dplay (FI)"}
{"id":3712,"name":"ALTER"}
{"id":3713,"name":"Australian Broadcast Corporation"}
{"id":3716,"name":"Singapore Broadcasting Corporation"}
{"id":3717,"name":"Tyne Tees"}
{"id":3719,"name":"TVE"}
{"id":3720,"name":"Telefuturo"}
{"id":3721,"name":"Hokkaido Cultural Broadcasting"}
{"id":3723,"name":"SFP"}
{"id":3724,"name":"AB3"}
{"id":3725,"name":"TV Breizh"}
{"id":3726,"name":"Chérie 25"}
{"id":3727,"name":"Saint-Pierre-et-Miquelon 1"}
{"id":3728,"name":"TSR1"}
{"id":3729,"name":"RFO"}
{"id":3730,"name":"Wytwórnia Filmów Dokumentalnych i Fabularnych (PL)"}
{"id":3731,"name":"studio filmowe OKO"}
{"id":3732,"name":"WeTV"}
{"id":3734,"name":"Metro-Goldwyn_Mayer"}
{"id":3738,"name":"Television Nishinippon Corporation"}
{"id":3740,"name":"Blaze"}
{"id":3741,"name":"Kitanihon Broadcasting"}
{"id":3742,"name":"TPS Star"}
{"id":3743,"name":"NRK Tegnspråk"}
{"id":3744,"name":"Atresplayer Premium"}
{"id":3745,"name":"MCM"}
{"id":3746,"name":"Yomiuri Telecasting Corporation"}
{"id":3747,"name":"Rakuten TV"}
{"id":3748,"name":"Anime Houdai"}
{"id":3749,"name":"Anitele"}
{"id":3752,"name":"Warner Vision France"}
{"id":3753,"name":"Omroep Max"}
{"id":3754,"name":"GoPlay"}
{"id":3755,"name":"국방TV"}
{"id":3756,"name":"Nagasaki Culture Telecasting Corporation"}
{"id":3757,"name":"Planeta Junior"}
{"id":3758,"name":"aha"}
{"id":3761,"name":"ORTF 2eme chaine"}
{"id":3762,"name":"Imago TV"}
{"id":3763,"name":"Dailymotion"}
{"id":3766,"name":"TrinkFlix"}
{"id":3767,"name":"Trinkflix.com"}
{"id":3768,"name":"Sveriges Radio & TV"}
{"id":3769,"name":"TechD.Plays"}
{"id":3770,"name":"土豆"}
{"id":3771,"name":"BR-Alpha"}
{"id":3772,"name":"Matkanalen"}
{"id":3773,"name":"Godare"}
{"id":3774,"name":"J Tele"}
{"id":3776,"name":"Mystère"}
{"id":3777,"name":"RTL-TVI"}
{"id":3778,"name":"KBS N SPORTS"}
{"id":3779,"name":"ΣΚΑΪ"}
{"id":3780,"name":"Rede Aparecida"}
{"id":3781,"name":"JETFLIX ESPAÑA"}
{"id":3782,"name":"RTL9"}
{"id":3783,"name":"La Sexta"}
{"id":3784,"name":"Channel 101"}
{"id":3785,"name":"Chubu-Nippon Broadcasting"}
{"id":3786,"name":"Al Arabiya"}
{"id":3787,"name":"Danmarks Radio"}
{"id":3788,"name":"Dynamic Television"}
{"id":3789,"name":"Yleisradio"}
{"id":3790,"name":"Artémis Productions"}
{"id":3793,"name":"TPA"}
{"id":3794,"name":"愛奇藝(台灣)"}
{"id":3796,"name":"ComicFesta"}
{"id":3797,"name":"DIC Animation City"}
{"id":3798,"name":"WDR"}
{"id":3799,"name":"FEM"}
{"id":3801,"name":"myVideo"}
{"id":3802,"name":"VIJF"}
{"id":3803,"name":"Deutsche Welle"}
{"id":3804,"name":"P.T.L. Cable Network"}
{"id":3805,"name":"GTV"}
{"id":3806,"name":"AB Distribution"}
{"id":3807,"name":"9"}
{"id":3809,"name":"Ideapod"}
{"id":3810,"name":"The Huffington Post"}
{"id":3812,"name":"Distrito Comedia (MX)"}
{"id":3813,"name":"Canal 9"}
{"id":3815,"name":"GDTV"}
{"id":3817,"name":"Alsharqia TV"}
{"id":3818,"name":"J-One"}
{"id":3820,"name":"Aragón TV"}
{"id":3823,"name":"YoungLife TiVi"}
{"id":3824,"name":"优酷"}
{"id":3825,"name":"Hannibal TV"}
{"id":3826,"name":"El Hiware et Tounsi"}
{"id":3827,"name":"KinoPoisk HD"}
{"id":3828,"name":"Rai Play"}
{"id":3829,"name":"Canal+ (Telenor)"}
{"id":3830,"name":"Raj TV"}
{"id":3831,"name":"Vasanth TV"}
{"id":3833,"name":"Planète CI"}
{"id":3834,"name":"Canadian Broadcast Company"}
{"id":3835,"name":"Téva"}
{"id":3842,"name":"Voltage TV"}
{"id":3844,"name":"AT&T"}
{"id":3846,"name":"TV Anhembi"}
{"id":3847,"name":"BroadwayWorld"}
{"id":3848,"name":"El Toro TV"}
{"id":3849,"name":"Gemplex"}
{"id":3850,"name":"Rai Premium"}
{"id":3851,"name":"RTI1"}
{"id":3853,"name":"cetv1"}
{"id":3855,"name":"RTP Memória"}
{"id":3856,"name":"France.tv"}
{"id":3857,"name":"La Biscotte"}
{"id":3859,"name":"BBC Earth"}
{"id":3860,"name":"Phoenix"}
{"id":3861,"name":"MDR"}
{"id":3862,"name":"another planet"}
{"id":3863,"name":"Filimo"}
{"id":3864,"name":"El Terrat tv"}
{"id":3865,"name":"ひかりTV"}
{"id":3866,"name":"MBS動画イズム"}
{"id":3867,"name":"TVer"}
{"id":3868,"name":"Nippon Animation"}
{"id":3869,"name":"U-NEXT"}
{"id":3870,"name":"Soul Mate Tv"}
{"id":3871,"name":"Okko"}
{"id":3872,"name":"ČT sport"}
{"id":3874,"name":"Disney Channel "}
{"id":3875,"name":"Revry"}
{"id":3876,"name":"SnackableTV"}
{"id":3877,"name":"HBO España"}
{"id":3878,"name":"Sama Dubai TV"}
{"id":3879,"name":"Paravi"}
{"id":3881,"name":"Channel 6"}
{"id":3882,"name":"more.tv"}
{"id":3884,"name":"El Sótano"}
{"id":3886,"name":"Canal 10 (AR)"}
{"id":3887,"name":"ČT3"}
{"id":3888,"name":"Imagine Thailand"}
{"id":3889,"name":"historia (Fr)"}
{"id":3890,"name":"Historia (Fr)"}
{"id":3891,"name":"One HD 31"}
{"id":3892,"name":"mbc 5"}
{"id":3893,"name":"The IdeaFirst Company"}
{"id":3894,"name":"SBS Sports"}
{"id":3897,"name":"TVING"}
{"id":3898,"name":"watcha"}
{"id":3899,"name":"Laugh Out Loud"}
{"id":3900,"name":"Discovery (BR)"}
{"id":3902,"name":"YUGONECH"}
{"id":3904,"name":"France.tv Slash"}
{"id":3905,"name":"إتحاد الإذاعة والتلفزيون المصري"}
{"id":3906,"name":"Astro Mustika HD"}
{"id":3907,"name":"MKVT"}
{"id":3908,"name":"LG U+"}
{"id":3909,"name":"U+ IDOL LIVE"}
{"id":3910,"name":"Nippon Television"}
{"id":3912,"name":"6play"}
{"id":3913,"name":"Citizen TV"}
{"id":3914,"name":"TV Saitama"}
{"id":3916,"name":"Boing"}
{"id":3917,"name":"Cartoon Network (TW)"}
{"id":3918,"name":"KD2A"}
{"id":3919,"name":"Disney+ Hotstar"}
{"id":3920,"name":"Kapamilya Channel"}
{"id":3921,"name":"RBB"}
{"id":3922,"name":"CBS"}
{"id":3923,"name":"ivi"}
{"id":3924,"name":"TVNZ Kidzone"}
{"id":3925,"name":"TVNZ6"}
{"id":3927,"name":"Rai 5"}
{"id":3928,"name":"Canal+"}
{"id":3929,"name":"Ten"}
{"id":3931,"name":"NRK"}
{"id":3932,"name":"Kids' WB"}
{"id":3933,"name":"vossevents.com"}
{"id":3934,"name":"History"}
{"id":3935,"name":"TV2 (NO)"}
{"id":3936,"name":"DDR-F1"}
{"id":3937,"name":"DDR-F2"}
{"id":3938,"name":"AB STUDIO"}
{"id":3939,"name":"SET TV"}
{"id":3940,"name":"iFilm"}
{"id":3941,"name":"Nouvelle Calédonie 1ère"}
{"id":3942,"name":"Nouvelle-Calédonie La Première"}
{"id":3944,"name":"Blued"}
{"id":3945,"name":"WeiLai"}
{"id":3949,"name":"Planète+ Justice"}
{"id":3950,"name":"Estudios TeleMéxico"}
{"id":3952,"name":"SWF"}
{"id":3953,"name":"Discovery"}
{"id":3954,"name":"Frissons TV"}
{"id":3955,"name":"8tv"}
{"id":3956,"name":"1tv.ru"}
{"id":3959,"name":"friDay影音"}
{"id":3961,"name":"MG TV"}
{"id":3962,"name":"Nara Television"}
{"id":3964,"name":"Roddenberry Entertainment"}
{"id":3965,"name":"Secret Hideout"}
{"id":3966,"name":"Watch iT!"}
{"id":3967,"name":"Гостелерадио"}
{"id":3968,"name":"Channel 20"}
{"id":3969,"name":"i-Television"}
{"id":3970,"name":"Shizuoka Broadcasting System"}
{"id":3971,"name":"Iwate Broadcasting"}
{"id":3972,"name":"Broadcasting System of San-in"}
{"id":3973,"name":"Hokuriku Broadcasting"}
{"id":3974,"name":"Oita Broadcasting System"}
{"id":3975,"name":"TV-U Fukushima"}
{"id":3976,"name":"Tulip-TV"}
{"id":3977,"name":"RSK Sanyo Broadcasting"}
{"id":3978,"name":"TV-U Yamagata"}
{"id":3979,"name":"Tohoku Broadcasting"}
{"id":3980,"name":"mitele"}
{"id":3981,"name":"Wakayama Telecasting"}
{"id":3983,"name":"Zoom Studios"}
{"id":3985,"name":"Global Set Spain"}
{"id":3986,"name":"Arre"}
{"id":3988,"name":"Girliyapa"}
{"id":3990,"name":"Sport 1"}
{"id":3991,"name":"ThatPlaceToHangOut.com"}
{"id":3992,"name":"Bindass"}
{"id":3993,"name":"Bindass"}
{"id":3994,"name":"YFilms"}
{"id":3996,"name":"Orange TV"}
{"id":3997,"name":"NDR"}
{"id":3998,"name":"acfun"}
{"id":3999,"name":"AcFun"}
{"id":4000,"name":"M2"}
{"id":4001,"name":"USPHTV"}
{"id":4002,"name":"NRT2"}
{"id":4003,"name":"LINE TV"}
{"id":4006,"name":"Disney Channel"}
{"id":4007,"name":"Jawwy TV"}
{"id":4008,"name":"JioCinema"}
{"id":4011,"name":"Disney Junior (PT)"}
{"id":4012,"name":"CiF TV"}
{"id":4014,"name":"Universal Channel"}
{"id":4015,"name":"Nickelodeon"}
{"id":4016,"name":"Nickelodeon Latin America"}
{"id":4017,"name":"Virgin TV Ultra HD"}
{"id":4020,"name":"SSN"}
{"id":4021,"name":"Mind Trio"}
{"id":4023,"name":"Prime Flix"}
{"id":4024,"name":"Suzuki Mirano"}
{"id":4025,"name":"BritBox"}
{"id":4026,"name":"SWR"}
{"id":4028,"name":"SilverbirdTV"}
{"id":4029,"name":"SHANT TV"}
{"id":4030,"name":"KTN"}
{"id":4031,"name":"NTV"}
{"id":4032,"name":"TV Zimbo"}
{"id":4033,"name":"Shamshad TV"}
{"id":4035,"name":"Azteca Trece"}
{"id":4036,"name":"美盛动漫"}
{"id":4037,"name":"Óčko"}
{"id":4038,"name":"13C"}
{"id":4042,"name":"IMDb TV"}
{"id":4043,"name":"CT-1 (USSR)"}
{"id":4044,"name":"Catalyst Films"}
{"id":4045,"name":"Les Films du Griffon"}
{"id":4047,"name":"TUGATV"}
{"id":4050,"name":"WGBH Boston"}
{"id":4051,"name":"DHX Media"}
{"id":4052,"name":"The Family Channel"}
{"id":4053,"name":"深圳电视台"}
{"id":4054,"name":"Star Image Digital Network"}
{"id":4056,"name":"The Viofly Media Official"}
{"id":4058,"name":"FCC"}
{"id":4059,"name":"Awesome TV"}
{"id":4060,"name":"Sports Live+"}
{"id":4061,"name":"BBC Northern Ireland"}
{"id":4062,"name":"adventista"}
{"id":4063,"name":"MTV (FR)"}
{"id":4064,"name":"Abnedblatt.tv"}
{"id":4065,"name":"Abendblatt TV"}
{"id":4066,"name":"Hakuhodo"}
{"id":4068,"name":"Nova S"}
{"id":4070,"name":"FR3"}
{"id":4071,"name":"Steam"}
{"id":4073,"name":"Tchelet TV"}
{"id":4074,"name":"Canal 44 UDGTV"}
{"id":4075,"name":"L8"}
{"id":4076,"name":"beIN"}
{"id":4077,"name":"beIN Connect"}
{"id":4079,"name":"Q"}
{"id":4080,"name":"Hero TV"}
{"id":4081,"name":"Anime Network"}
{"id":4082,"name":"RTK"}
{"id":4083,"name":"T HD"}
{"id":4084,"name":"Klan Kosova"}
{"id":4085,"name":"MTS TV"}
{"id":4086,"name":"Vizion Plus"}
{"id":4087,"name":"Jolly HD"}
{"id":4088,"name":"Smile"}
{"id":4089,"name":"Tring Shqip"}
{"id":4091,"name":"Dược sĩ Tiến • Entertainment"}
{"id":4092,"name":"TV Luna"}
{"id":4093,"name":"VTV"}
{"id":4094,"name":"NJPW World"}
{"id":4096,"name":"TVA Sports"}
{"id":4097,"name":"VoyageVoyage.ca"}
{"id":4098,"name":"RCN"}
{"id":4099,"name":"Super Channel"}
{"id":4100,"name":"Cine y Series"}
{"id":4101,"name":"MGTV"}
{"id":4103,"name":"CTC Media"}
{"id":4105,"name":"Life tv"}
{"id":4106,"name":"Histoire TV"}
{"id":4110,"name":"National Geographic"}
{"id":4112,"name":"NET."}
{"id":4113,"name":"FERNSEHN TV"}
{"id":4114,"name":"شركة فيض للانتاج الفني"}
{"id":4116,"name":"Интер, Украина"}
{"id":4118,"name":"Children Channel"}
{"id":4119,"name":"Первый канал"}
{"id":4120,"name":"Czeck Télévision"}
{"id":4121,"name":"РЕН ТВ"}
{"id":4122,"name":"ТВ ЦЕНТР"}
{"id":4124,"name":"La Fabrique Culturelle"}
{"id":4125,"name":"تطبيق أكوام | لمشاهدة الافلام والمسلسلات مجانًا"}
{"id":4126,"name":"Xbox Live"}
{"id":4127,"name":"Super"}
{"id":4130,"name":"Streamz"}
{"id":4131,"name":"Disney.com"}
{"id":4132,"name":"ESPN+"}
{"id":4133,"name":"MK Empresa"}
{"id":4134,"name":"SDTV-1"}
{"id":4135,"name":"NUMERO 23"}
{"id":4136,"name":"Megogo"}
{"id":4137,"name":"WGCT-CA"}
{"id":4138,"name":"Court TV"}
{"id":4139,"name":"Clan TVE"}
{"id":4140,"name":"Channel 3"}
{"id":4141,"name":"Rengoni"}
{"id":4142,"name":"HBO GO"}
{"id":4144,"name":"https://abema.tv/video/title/90-1411"}
{"id":4146,"name":"gotv"}
{"id":4147,"name":"安徽广电传媒产业集团"}
{"id":4148,"name":"Sky Documentaries"}
{"id":4149,"name":"TV Thunder"}
{"id":4150,"name":"Dplay (NO)"}
{"id":4152,"name":"tvb"}
{"id":4154,"name":"CCTV"}
{"id":4155,"name":"mytv"}
{"id":4156,"name":"霹雳台湾台"}
{"id":4157,"name":"Commercial Television"}
{"id":4158,"name":"TVB"}
{"id":4159,"name":"TYT Network"}
{"id":4160,"name":"ici.artv.ca"}
{"id":4161,"name":"Noovo"}
{"id":4162,"name":"Imevisión"}
{"id":4163,"name":"On Demand Network"}
{"id":4164,"name":"Pythona Studios"}
{"id":4165,"name":"爱奇艺"}
{"id":4166,"name":"Olleh TV"}
{"id":4167,"name":"宁夏电视台"}
{"id":4168,"name":"Shanxi Television"}
{"id":4170,"name":"ANT1"}
{"id":4171,"name":"Weibo"}
{"id":4172,"name":"TZGZ"}
{"id":4175,"name":"Junior"}
{"id":4176,"name":"Comcast on Demand"}
{"id":4178,"name":"Beachbody On Demand"}
{"id":4179,"name":"All Ufa"}
{"id":4180,"name":"WIPR"}
{"id":4181,"name":"Metro-Goldwyn-Mayer"}
{"id":4182,"name":"RTHK"}
{"id":4184,"name":"浙江卫视"}
{"id":4185,"name":"安徽卫视"}
{"id":4186,"name":"北京广播电视台"}
{"id":4188,"name":"Radiodiffusion Télévision Française RTF"}
{"id":4189,"name":"A+"}
{"id":4190,"name":"Warner Bros. Television"}
{"id":4191,"name":"DC Entertainment"}
{"id":4192,"name":"ТНТ4"}
{"id":4193,"name":"ТНТ"}
{"id":4195,"name":"CTV  -  CTV (TW)"}
{"id":4197,"name":"Meridian Broadcasting Ltd"}
{"id":4198,"name":"Astro AEC"}
{"id":4199,"name":"芒果TV"}
{"id":4200,"name":"MediaCorp Suria (SG)"}
{"id":4201,"name":"MTV Produktion"}
{"id":4202,"name":"Apsilon Play"}
{"id":4203,"name":"F1 TV"}
{"id":4204,"name":"TV Kanagawa"}
{"id":4205,"name":"COACH-KIN"}
{"id":4207,"name":"https://www.bilibili.com/"}
{"id":4208,"name":"Star Plus"}
{"id":4209,"name":"TLAVideo"}
{"id":4210,"name":"GayBingeTV"}
{"id":4211,"name":"Sigma TV"}
{"id":4212,"name":"IGTV"}
{"id":4213,"name":"univisa"}
{"id":4215,"name":"Fuji TV TWO"}
{"id":4216,"name":"Discovery Networks International"}
{"id":4222,"name":"UA: PERSHYI"}
{"id":4223,"name":"24 Kanal"}
{"id":4224,"name":"Hromadske"}
{"id":4225,"name":"民视无线台"}
{"id":4226,"name":"CTV Comedy Channel"}
{"id":4227,"name":"National Geographic (BR)"}
{"id":4228,"name":"KPHO-TV"}
{"id":4229,"name":"JEI TV"}
{"id":4230,"name":"Fox TV"}
{"id":4231,"name":"TV-14"}
{"id":4232,"name":"TRT belgesel"}
{"id":4233,"name":"Naver TVCast"}
{"id":4234,"name":"Bosonoga"}
{"id":4235,"name":"Nx Fahim Live Tv"}
{"id":4236,"name":"Show TV"}
{"id":4238,"name":"公安部金盾影视文化中心"}
{"id":4239,"name":"凤凰传奇影业"}
{"id":4242,"name":"Disney Junior Latin America"}
{"id":4243,"name":"Theater Complex"}
{"id":4245,"name":"Critical Role Productions"}
{"id":4246,"name":"timanderic.com"}
{"id":4247,"name":"BFMTV"}
{"id":4248,"name":"Absolut Vodka"}
{"id":4249,"name":"Atom.com"}
{"id":4250,"name":"Telekult Film- und Medienproduktion"}
{"id":4251,"name":"Ziggo sport"}
{"id":4252,"name":"RTL Z"}
{"id":4253,"name":"RTL 7"}
{"id":4254,"name":"RTL 8"}
{"id":4255,"name":"SBS 9"}
{"id":4256,"name":"Ziggo TV"}
{"id":4258,"name":"WestPeakTV"}
{"id":4259,"name":"tv2 play"}
{"id":4260,"name":"Soy La Gira"}
{"id":4261,"name":"قناة يمن شباب"}
{"id":4262,"name":"Umbrella"}
{"id":4263,"name":"MEN.com"}
{"id":4265,"name":"SuperSport"}
{"id":4267,"name":"Haut et Court"}
{"id":4268,"name":"Je suis bien content"}
{"id":4269,"name":"https://www.douban.com/search?q=%E5%B9%B8%E7%A6%8F%E9%87%8C%E7%9A%84%E6%95%85%E4%BA%8B"}
{"id":4270,"name":"Kanal D"}
{"id":4271,"name":"Kanal D"}
{"id":4272,"name":"MALL.TV"}
{"id":4273,"name":"디시플린"}
{"id":4274,"name":"NHK BS"}
{"id":4276,"name":"ABCテレビ"}
{"id":4278,"name":"ТВ3"}
{"id":4279,"name":"National Geographic Channel (USA)"}
{"id":4281,"name":"nosotros tv"}
{"id":4282,"name":"Egypt"}
{"id":4283,"name":"Shortcut"}
{"id":4284,"name":"Helio"}
{"id":4286,"name":"Channel Awesome"}
{"id":4287,"name":"GMM One"}
{"id":4288,"name":"湖南卫视"}
{"id":4289,"name":"巴哈姆特動畫瘋 (TW)"}
{"id":4290,"name":"Medyapim"}
{"id":4291,"name":"Urban Movie Channel"}
{"id":4292,"name":"aSis Yapim"}
{"id":4293,"name":"National Geographic (Latinoamerica)"}
{"id":4294,"name":"Reel Women"}
{"id":4295,"name":"Reel Womens Network"}
{"id":4296,"name":"Amazon (UK)"}
{"id":4297,"name":"Der Sender"}
{"id":4298,"name":"PolyGram Vidéo"}
{"id":4299,"name":"OCS Happy"}
{"id":4301,"name":"Live Dans Ton Salon"}
{"id":4302,"name":"VRT"}
{"id":4303,"name":"STUBRU"}
{"id":4305,"name":"RTR"}
{"id":4306,"name":"RTR Radiotelevisiun Svizra Rumantscha"}
{"id":4307,"name":"WOWOW Plus"}
{"id":4308,"name":"Channel 8 (TH)"}
{"id":4309,"name":"Anime Onegai"}
{"id":4310,"name":"YouFLIX IMN"}
{"id":4311,"name":"Tv Tokyo"}
{"id":4312,"name":"Prime Video"}
{"id":4313,"name":"Armenia 1"}
{"id":4314,"name":"Netzun"}
{"id":4315,"name":"mbs"}
{"id":4316,"name":"MagentaT"}
{"id":4317,"name":"台視"}
{"id":4318,"name":"八大電視"}
{"id":4319,"name":"臺灣電視台(台視)"}
{"id":4320,"name":"Movistar+"}
{"id":4321,"name":"NewTV"}
{"id":4322,"name":"ET-3"}
{"id":4323,"name":"Omrop Fryslân"}
{"id":4324,"name":"European Brodcasting Union"}
{"id":4325,"name":"France 3"}
{"id":4326,"name":"France 3"}
{"id":4327,"name":"VTM GO"}
{"id":4328,"name":"NHK BS4K"}
{"id":4329,"name":"Nebula"}
{"id":4330,"name":"Paramount+"}
