<?xml version="1.0" encoding="UTF-8" standalone="yes"?>
<addon id="plugin.video.kinokrad" name="Кинокрад" version="0.0.4" provider-name="virserg">
  <requires>
    <import addon="xbmc.python" version="2.14.0"/>
    <import addon="script.module.beautifulsoup4"/>
  </requires>
  <extension point="xbmc.python.pluginsource" provides="video" library="default.py">
    <provides>video</provides>
  </extension>
  <extension point="xbmc.addon.metadata">
    <news>...</news>
    <summary lang="en">Kinokrad</summary>
    <description lang="en">Kinokrad -</description>
    <summary lang="ru">Кинокрад - онлайн видео</summary>
    <description lang="ru">Кинокрад - фильмы, сериалы, мультфильмы онлайн.</description>
    <platform>all</platform>
  </extension>
</addon>

