<?xml version="1.0" encoding="UTF-8" standalone="yes"?>
<addon id="script.module.kodi65" name="Kodi65 Library" version="1.3.4" provider-name="Philipp Temminghoff (phil65), virserg">
	<requires>
		<import addon="xbmc.python" version="2.25.0"/>
		<import addon="script.module.youtube.dl" version="14.519.1"/>
		<import addon="script.module.pil" version="1.1.7"/>
		<import addon="script.module.autocompletion" version="1.0.0"/>
		<import addon="script.module.requests" version="2.9.1"/>
	</requires>
	<extension point="xbmc.python.module" library="lib" />
	<extension point="xbmc.addon.metadata">
		<summary lang="en">Helper module</summary>
		<description lang="en">Helper module for all kind of stuff</description>
		<platform>all</platform>
		<license>GNU GENERAL PUBLIC LICENSE Version 2.1, February 1999</license>
		<source>https://github.com/phil65/script.module.kodi65</source>
		<news>Adjust to latest core changes, bugfixes, API extensions</news>
	</extension>
</addon>
