<?xml version="1.0" encoding="UTF-8" standalone="yes"?>
<addon id="script.qrdonate" name="QR Donate" version="0.0.1" provider-name="virserg">
	<requires>
		<import addon="xbmc.python" version="2.14.0"/>
	</requires>
	<extension point="xbmc.python.module" library="lib"/>
	<extension point="xbmc.python.script" library="default.py">
		<provides>executable</provides>
	</extension>
	<extension point="xbmc.addon.metadata">
		<summary lang="en">Donate</summary>
		<description lang="en">Donate</description>
		<summary lang="ru">Подаяние...</summary>
		<description lang="ru">Милостыня...;)</description>
		<platform>all</platform>
		<license>GPL-2.0-only</license>
		<forum></forum>
		<source></source>
		<assets>
			<icon></icon>
		</assets>
		<news>...</news>
	</extension>
</addon>
