<?xml version="1.0" encoding="UTF-8" standalone="yes"?>
<addon id="context.addon.search" name="Поиск в дополнении" version="0.0.9" provider-name="virserg">
  <requires>
    <import addon="xbmc.addon" version="16.0.0" />
  </requires>
  <extension point="kodi.context.item" library="default.py">
    <item>
      <label>32000</label>
      <visible>Container.Content(tvshows)|Container.Content(movies)|Container.Content(musicvideos)|Container.Content(videos)|Container.Content()|Pvr.HasTVChannels</visible>
    </item>
  </extension>
  <extension point="kodi.addon.metadata">
    <platform>all</platform>
    <summary lang="en">Search by current Item</summary>
    <summary lang="ru">Поиск по текущему элементу</summary>
    <description lang="en">Search by current Item in select addon</description>
    <description lang="ru">Поиск по текущему элементу в выбранном дополнении</description>
    <license>GNU GENERAL PUBLIC LICENSE. Version 3, 29 June 2007</license>
    <forum></forum>
    <source></source>
    <assets><icon>icon.png</icon></assets>
  </extension>
</addon>

