<?xml version="1.0" encoding="UTF-8"?>
<window>
    <coordinates>
        <left>0</left>
        <top>0</top>
    </coordinates>
    <controls>
        <animation type="WindowOpen" reversible="false">
            <effect type="zoom" start="80" end="100" center="960,540" delay="160" tween="back" time="240" />
            <effect type="fade" delay="160" end="100" time="240" />
        </animation>
        <animation type="WindowClose" reversible="false">
            <effect type="zoom" start="100" end="80" center="960,540" easing="in" tween="back" time="240" />
            <effect type="fade" start="100" end="0" time="240" />
        </animation>
        <control type="image">
            <left>-1920</left>
            <top>-1080</top>
            <width>5760</width>
            <height>3240</height>
            <animation effect="fade" start="0" end="100" time="300">WindowOpen</animation>
            <animation effect="fade" start="100" end="0" time="200">WindowClose</animation>
            <texture colordiffuse="C2FFFFFF">donate-black.png</texture>
        </control>
        <control type="image">
            <left>0</left>
            <top>0</top>
            <width>1920</width>
            <height>1080</height>
            <texture border="2">donate-dialog-bg.png</texture>
        </control>
        <control type="image">
            <left>0</left>
            <top>0</top>
            <width>1920</width>
            <height>70</height>
            <texture colordiffuse="FF12B2E7" border="2">donate-white.png</texture>
        </control>
        <control type="label" id="504">
            <textoffsetx>70</textoffsetx>
            <left>0</left>
            <top>0</top>
            <width>1920</width>
            <height>70</height>
            <font>font24_title</font>
            <align>center</align>
            <aligny>center</aligny>
            <shadowcolor>FF000000</shadowcolor>
        </control>
        <control type="image" id="501">
            <left>20</left>
            <top>75</top>
            <width>1000</width>
            <height>1000</height>
            <aspectratio aligny="center" align="center">keep</aspectratio>
            <texture colordiffuse="5FFFFFFF"></texture>
        </control>
        <control type="textbox" id="502">
            <left>1060</left>
            <top>85</top>
            <width>845</width>
            <height>910</height>
            <font>font18_title</font>
            <align>left</align>
            <aligny>top</aligny>
            <shadowcolor>FF000000</shadowcolor>
        </control>
        <control type="button" id="503">
            <left>1560</left>
            <top>990</top>
            <width>300</width>
            <height>90</height>
            <font>font12_title</font>
            <textcolor>FFF0F0F0</textcolor>
            <textoffsetx>20</textoffsetx>
            <label>15067</label>
            <align>center</align>
            <aligny>center</aligny>
            <texturefocus border="40" colordiffuse="FF12B2E7">donate-dialogbutton-fo.png</texturefocus>
            <texturenofocus border="40">donate-dialogbutton-nofo.png</texturenofocus>
        </control>
    </controls>
</window>

