<?xml version="1.0" encoding="UTF-8" standalone="yes"?>
<addon id="plugin.video.kinokrad.co" name="Кинокрад.Ко" version="0.0.8" provider-name="virserg">
  <requires>
    <import addon="script.module.beautifulsoup4"/>
  </requires>
  <extension point="xbmc.python.pluginsource" provides="video" library="default.py">
    <provides>video</provides>
  </extension>
  <extension point="xbmc.addon.metadata">
    <news>Оптимизация.</news>
    <summary lang="en">Kinokrad.co</summary>
    <description lang="en">Kinokrad.co -</description>
    <disclaimer lang="en">The author does not host or distribute any of the content displayed by this addon. The author does not have any affiliation with the sites offered.</disclaimer>
    <summary lang="ru">Кинокрад.Ко - онлайн видео</summary>
    <description lang="ru">Кинокрад.Ко - фильмы, сериалы, мультфильмы, телепередачи онлайн.</description>
    <disclaimer lang="ru">Автор не размещает и не распространяет какой-либо контент, отображаемый этим дополнением. Автор не имеет никакого отношения к предлагаемым сайтам.</disclaimer>
    <platform>all</platform>
    <reuselanguageinvoker>true</reuselanguageinvoker>
    <assets>
        <icon>icon.png</icon>
    </assets>
  </extension>
</addon>
