<?xml version="1.0" encoding="UTF-8" standalone="yes"?>
<addon id="plugin.video.yummyanime" name="YummyAnime" version="0.0.7" provider-name="virserg">
  <requires>
    <import addon="xbmc.python" version="2.14.0"/>
    <import addon="script.module.beautifulsoup4"/>
    <import addon="script.module.youtube.dl"/>
  </requires>
  <extension point="xbmc.python.pluginsource" provides="video" library="default.py">
    <provides>video</provides>
  </extension>
  <extension point="xbmc.addon.metadata">
    <news>Плеер Kodik.</news>
    <summary lang="en">YummyAnime</summary>
    <description lang="en">Navigator for site Yummyanime.club</description>
    <summary lang="ru">Навигатор по YummyAnime.club</summary>
    <description lang="ru">Навигатор по сайту yummyanime.club</description>
    <platform>all</platform>
  </extension>
</addon>
