<?xml version="1.0" encoding="UTF-8" standalone="yes"?>
<addon id="plugin.video.kinovod" name="Киновод" version="0.4.1" provider-name="virserg, Eviloid, Zeltorix">
  <requires>
    <import addon="script.module.beautifulsoup4"/>
  </requires>
  <extension point="xbmc.python.pluginsource" provides="video" library="default.py">
    <provides>video</provides>
  </extension>
  <extension point="xbmc.addon.metadata">
    <news>Работает...</news>
    <summary lang="en">Kinovod</summary>
    <description lang="en">Kinovod -</description>
    <summary lang="ru">Киновод - онлайн видео</summary>
    <description lang="ru">Киновод - фильмы, сериалы, мультфильмы, телепередачи онлайн.[CR][CR] Спасибо: [B]Eviloid[/B] за модуль декодирования. [CR][B]FreeMan42[/B] за замечания и добавления(19 Kodi).</description>
    <platform>all</platform>
    <reuselanguageinvoker>true</reuselanguageinvoker>
    <assets>
        <icon>icon.png</icon>
    </assets>
  </extension>
</addon>

