<?xml version="1.0" encoding="UTF-8" standalone="yes"?>
<addon id="plugin.video.torrserve" name="TorrServer Client" version="0.1.65" provider-name="Nemiroff, virserg">
    <requires>
        <import addon="xbmc.addon" version="16.0.0" />
    </requires>
    <extension point="xbmc.python.pluginsource" library="navigation.py">
        <provides>video</provides>
    </extension>
    <extension point="xbmc.python.module" library="resources/site-packages" />
    <extension point="xbmc.addon.metadata">
        <news>Мелкие правки. Поддержка Yatse Kodi helper script 2.5.3a</news>
        <summary lang="en">TorrServer Client: Torrent video streaming</summary>
        <summary lang="ru">TorrServer Client: потоковое воспроизведение видеоторрентов</summary>
        <description lang="en">TorrServer Client is a torrent streaming engine. It doesn't go on torrent websites for legal reasons.</description>
        <description lang="ru">TorrServer Client - смотрите фильмы, сериалы, видео, картинки, слушайте музыку с торрентов без предварительного скачивания.[CR]Просто добавьте торрент файл или Magnet ссылку и наслаждайтесь шоу — загрузка и воспроизведение будут идти одновременно.[CR][CR]Спасибо за помощь в тестировании версии под Kodi 19 Matrix: [B]kumok[/B], [B]rx81[/B]</description>
        <language>en, ru</language>
        <platform>all</platform>
        <assets>
            <icon>icon.png</icon>
        </assets>
    </extension>
</addon>
