<?xml version="1.0" encoding="UTF-8" standalone="yes"?>
<addon id="plugin.audio.knizhkin.net" name="Книжкин.Net" version="0.0.6" provider-name="virserg">
  <requires>
    <import addon="xbmc.python" version="2.14.0"/>
    <import addon="script.module.beautifulsoup4"/>
  </requires>
  <extension point="xbmc.python.pluginsource" provides="audio" library="default.py">
    <provides>audio</provides>
  </extension>
  <extension point="xbmc.addon.metadata">
    <news>Добавлены похожие аудиокниги и просмотр комментариев.</news>
    <summary lang="en">Knizhkin.Net</summary>
    <description lang="en">Knizhkin.Net -</description>
    <summary lang="ru">Книжкин.Net - аудиокниги.</summary>
    <description lang="ru">Книжкин.Net - аудиокниги онлайн.</description>
    <platform>all</platform>
  </extension>
</addon>

