<?xml version="1.0" encoding="UTF-8" standalone="yes"?>
<addon id="plugin.video.kinovhd" name="Кино в HD" version="0.0.14" provider-name="virserg">
  <requires>
    <import addon="xbmc.python" version="2.14.0"/>
    <import addon="script.module.beautifulsoup4"/>
  </requires>
  <extension point="xbmc.python.pluginsource" provides="video" library="default.py">
    <provides>video</provides>
  </extension>
  <extension point="xbmc.addon.metadata">
    <news>Восстановлено воспроизведение видео.</news>
    <summary lang="en">Kino v HD</summary>
    <description lang="en">Kino v HD -</description>
    <summary lang="ru">Кино в HD - онлайн видео в качестве</summary>
    <description lang="ru">Кино в HD - фильмы, сериалы, мультфильмы в хорошем качестве онлайн.</description>
    <platform>all</platform>
  </extension>
</addon>
