<?xml version="1.0" encoding="UTF-8" standalone="yes"?>
<addon id="script.module.youtube.dl" name="youtube-dl Control" version="21.401.0" provider-name="Rick Phillips (ruuk), YLLOW_DRAGON">
	<requires>
		<import addon="xbmc.python" version="2.14.0" />
		<import addon="script.module.addon.signals" version="0.0.1"/>
	</requires>
	<extension point="xbmc.python.script" library="control.py">
		<provides>executable</provides>
	</extension>
	<extension point="xbmc.python.module" library="lib" />
	<extension point="xbmc.addon.metadata">
		<platform>all</platform>
		<summary lang="en_GB">Module providing access to youtube-dl video stream extraction</summary>
		<summary lang="ru_RU">Модуль дает доступ к видеопотоку youtube-dl</summary>
		<summary lang="uk_UA">Модуль дає доступ до відеопотоку youtube-dl</summary>
		<description lang="en_GB">Module providing access to youtube-dl video stream extraction for hundreds of sites. Version is based on youtube-dl date version: YY.MDD.V where V is the addon specific sub-version. Also provides downloading with the option for background downloading with a queue and queue manager.</description>
		<description lang="ru_RU">Модуль дает доступ к извлечению видеопотока youtube-dl для сотен сайтов. Версия основана на версии даты youtube-dl: YY.MDD.V, где V - специфическая дополнительная версия дополнения. Также обеспечивает загрузку с возможностью фоновой загрузки с помощью диспетчера очереди.</description>
		<description lang="uk_UA">Модуль дає доступ до вилучення відео потоку youtube-dl для сотень сайтів. Версія заснована на версії дати youtube-dl: YY.MDD.V, де V - специфічна додаткова версія доповнення. Також забезпечує завантаження з можливістю фонової завантаження за допомогою диспетчера черги.</description>
		<license>GNU GENERAL PUBLIC LICENSE. Version 2, June 1991</license>
		<forum>https://forum.kodi.tv/showthread.php?tid=200877</forum>
		<source>https://github.com/nkvoronov/script.module.youtube.dl.git</source>
		<assets>
			<icon>resources/icon.png</icon>
		</assets>
	</extension>
</addon>
