<?xml version="1.0" encoding="UTF-8" standalone="yes"?>
<addon id="plugin.audio.knigavuhe"
       name="Книга в ухе"
       version="0.2.0a"
       provider-name="TDW">
  <requires>
    <import addon="xbmc.python" version="2.1.0"/>
  </requires>
  <extension point="xbmc.python.pluginsource"
            library="default.py">
        <provides>audio</provides>
  </extension>
  <extension point="xbmc.addon.metadata">
    <platform>all</platform>
    <summary>Книга в ухе</summary>
    <description>Книга в ухе</description>
  </extension>
</addon>
