<?xml version="1.0" encoding="UTF-8" standalone="yes"?>
<addon id="plugin.video.kinovod" name="Киновод" version="0.1.1" provider-name="virserg">
  <requires>
    <import addon="xbmc.python" version="2.14.0"/>
    <import addon="script.module.beautifulsoup4"/>
  </requires>
  <extension point="xbmc.python.pluginsource" provides="video" library="default.py">
    <provides>video</provides>
  </extension>
  <extension point="xbmc.addon.metadata">
    <news>Исправление из-за изменений на сайте.</news>
    <summary lang="en">Kinovod</summary>
    <description lang="en">Kinovod -</description>
    <summary lang="ru">Киновод - онлайн видео</summary>
    <description lang="ru">Киновод - фильмы, сериалы, мультфильмы, телепередачи онлайн.</description>
    <platform>all</platform>
  </extension>
</addon>

