<?xml version="1.0" encoding="UTF-8" standalone="yes"?>
<addon id="plugin.audio.knizhkin.net" name="Книжкин.Net" version="0.0.8~beta3" provider-name="virserg">
  <requires>
    <import addon="script.module.beautifulsoup4"/>
  </requires>
  <extension point="xbmc.python.pluginsource" provides="audio" library="default.py">
    <provides>audio</provides>
  </extension>
  <extension point="xbmc.addon.metadata">
    <news>Тестовая версия (Kodi 19 Matrix).</news>
    <summary lang="en">Knizhkin.Net</summary>
    <description lang="en">Knizhkin.Net -</description>
    <summary lang="ru">Книжкин.Net - аудиокниги.</summary>
    <description lang="ru">Книжкин.Net - аудиокниги онлайн.</description>
    <platform>all</platform>
    <assets>
        <icon>icon.png</icon>
    </assets>
  </extension>
</addon>
