<?xml version="1.0" encoding="UTF-8" standalone="yes"?>
<addon id="plugin.audio.baza-knig" name="База книг" version="0.0.8" provider-name="virserg">
  <requires>
    <import addon="xbmc.python" version="2.14.0"/>
    <import addon="script.module.beautifulsoup4"/>
  </requires>
  <extension point="xbmc.python.pluginsource" provides="audio" library="default.py">
    <provides>audio</provides>
  </extension>
  <extension point="xbmc.addon.metadata">
    <news>...</news>
    <broken>Сайт перестал отдавать контент без javascript'a. Может кто знает как это починить?</broken>
    <summary lang="en">Baza Knig</summary>
    <description lang="en">Baza Knig  -</description>
    <summary lang="ru">База книг  -  аудиокниги.</summary>
    <description lang="ru">База книг  -  аудиокниги онлайн.</description>
    <platform>all</platform>
  </extension>
</addon>

