<?xml version="1.0" encoding="UTF-8"?>
<addon
  id="visualization.shadertoy"
  version="1.1.10"
  name="Shadertoy"
  provider-name="Team Kodi">
  <requires>
<import addon="kodi.binary.global.main" version="1.0.14"/>
<import addon="kodi.binary.instance.visualization" version="2.0.1"/></requires>
  <extension
    point="xbmc.player.musicviz"
    library_linux="visualization.shadertoy.so.1.1.10"/>
  <extension point="xbmc.addon.metadata">
    <summary lang="en">Visualisations from Shadertoy</summary>
    <description lang="en">Visualisations from Shadertoy</description>
    <platform>linux</platform>
    <disclaimer>For Kodi 18 (Leia) linux (tested on rbp3 OSMC final).</disclaimer>
  </extension>
</addon>
