<?xml version="1.0" encoding="UTF-8" standalone="yes"?>
<addon id="plugin.video.animevost"
       name="AnimeVost.org"
       version="0.2.3j"
       provider-name="TDW">
  <requires>
    <import addon="xbmc.python" version="2.1.0"/>
  </requires>
  <extension point="xbmc.python.pluginsource"
            library="default.py">
        <provides>video</provides>
  </extension>
  <extension point="xbmc.addon.metadata">
    <news></news>
    <summary>AnimeVost.org</summary>
    <description>AnimeVost.org</description>
    <platform>all</platform>
  </extension>
</addon>
