<?xml version="1.0" encoding="UTF-8" standalone="yes"?>
<addon id="script.extendedinfo" name="ExtendedInfo Script" version="5.6.6" provider-name="phil65 (Philipp Temminghoff), YLLOW_DRAGON, virserg">
	<requires>
		<import addon="xbmc.python" version="2.25.0"/>
		<import addon="resource.images.studios.white" version="0.0.5"/>
		<import addon="script.module.kodi65" version="1.0.0"/>
		<import addon="script.module.routing" version="0.1.0"/>
	</requires>
	<extension point="xbmc.python.script" library="default.py">
		<provides>executable</provides>
	</extension>
	<extension point="xbmc.python.pluginsource" library="plugin.py">
		<provides>video</provides>
	</extension>
	<extension point="xbmc.addon.metadata">
		<language/>
		<summary lang="en_GB">ExtendedInfo Script</summary>
		<summary lang="ru_RU">ExtendedInfo Script</summary>
		<summary lang="uk_UA">ExtendedInfo Script</summary>
		<description lang="en_GB">This script offers various possibilities to display online content inside skins as well as a complete MovieDB browser including info dialogs for various media types. Used services are themoviedb.org, theaudiodb.org, Trakt.TV, omdbapi.com and a lot more. Needs skin implementation for lot of functions.</description>
		<description lang="ru_RU">Этот скрипт предлагает различные возможности для отображения онлайн-контента внутри обложки, а также полный браузер MovieDB, включая информационные диалоги для различных типов медиа. Используемыми сервисами являются themoviedb.org, theaudiodb.org, Trakt.TV, omdbapi.com и многое другое. Требует реализации обложки для многих функций.</description>
		<description lang="uk_UA">Цей сценарій пропонує різні можливості для відображення онлайн-вмісту всередині обкладинки, а також повний браузер MovieDB, включаючи діалоги інформації для різних типів медіа. Використані сервіси - themoviedb.org, theaudiodb.org, Trakt.TV, omdbapi.com та багато іншого. Потрібна реалізація обкладинки для безлічі функцій.</description>
		<platform>all</platform>
		<license>GNU GENERAL PUBLIC LICENSE Version 2, June 1991</license>
		<forum>http://forum.kodi.tv/showthread.php?tid=160558</forum>
		<email>nkvoronov@gmail.com</email>
		<source>https://github.com/nkvoronov/script.extendedinfo.git</source>
		<news>В видеоинфо сериалов исправление выбора ключевого слова и студии. Фильтр в сериалах по ключевому слову и сортировка по кол-ву голосов.[CR]Исправления сортировки по кол-ву голосов и поиска по сертификации из видеоинфо[CR]Fix memory leak(Теперь можно открыть больше 10 видеоинфо подряд на rpi3b+)[CR]Find using United Search[CR]Add to RuTracker[CR]Fix remove favorites</news>
		<assets>
			<icon>resources/icon.png</icon>
			<fanart>resources/fanart.jpg</fanart>
			<screenshot>resources/screenshot-01.jpg</screenshot>
			<screenshot>resources/screenshot-02.jpg</screenshot>
			<screenshot>resources/screenshot-03.jpg</screenshot>
			<screenshot>resources/screenshot-04.jpg</screenshot>
			<screenshot>resources/screenshot-05.jpg</screenshot>
		</assets>
	</extension>
</addon>
