<?xml version="1.0" encoding="UTF-8" standalone="yes"?>
<addon id="plugin.video.rutor.audio" name="Rutor Аудиокниги" version="0.1.0" provider-name="virserg">
  <requires>
    <import addon="script.module.beautifulsoup4"/>
  </requires>
  <extension point="xbmc.python.pluginsource" provides="video" library="default.py">
    <provides>video</provides>
  </extension>
  <extension point="xbmc.addon.metadata">
    <news>Оптимизация.</news>
    <summary lang="en">Rutor audiobooks</summary>
    <description lang="en">Rutor audiobooks -</description>
    <summary lang="ru">Rutor Аудиокниги - онлайн аудиокниги</summary>
    <description lang="ru">Rutor Аудиокниги - аудиокниги и музыка онлайн.</description>
    <platform>all</platform>
    <reuselanguageinvoker>true</reuselanguageinvoker>
    <assets>
        <icon>icon.png</icon>
    </assets>
  </extension>
</addon>

