<?xml version="1.0" encoding="UTF-8" standalone="yes"?>
<addon id="plugin.video.kinovhd" name="Кино в HD" version="0.2.3" provider-name="virserg">
  <requires>
    <import addon="script.module.beautifulsoup4"/>
  </requires>
  <extension point="xbmc.python.pluginsource" provides="video" library="default.py">
    <provides>video</provides>
  </extension>
  <extension point="xbmc.addon.metadata">
    <news>Поправлены сериалы.</news>
    <summary lang="en">Kino v HD</summary>
    <description lang="en">Kino v HD -</description>
    <summary lang="ru">Кино в HD - онлайн видео.</summary>
    <description lang="ru">Кино в HD - фильмы, сериалы, мультфильмы онлайн.</description>
    <platform>all</platform>
    <assets>
       <icon>icon.png</icon>
    </assets>
  </extension>
</addon>
