<?xml version="1.0" encoding="UTF-8" standalone="yes"?>
<addon id="plugin.rutracker" name="RuTracker" version="0.20.4mod137" provider-name="HAL9000">
  <requires>
    <import addon="xbmc.python" version="2.14.0"/>
    <import addon="script.module.delugestream" version="0.1.1" optional="true"/>
    <import addon="script.module.torrent.ts" optional="true"/>
    <import addon="script.module.libtorrent" optional="true"/>
    <import addon="script.service.torrserver" optional="true"/>
    <import addon="script.module.torrserver" optional="true"/>
    <import addon="plugin.video.elementum" optional="true"/>
    <import addon="plugin.video.torrenter" optional="true"/>
    <import addon="plugin.video.tam" optional="true"/>
  </requires>
  <extension point="xbmc.python.pluginsource" provides="video" library="default.py">
    <provides>video</provides>
  </extension>
  <extension point="xbmc.addon.metadata">
    <news>Исправлено проигрывание через встроенный модуль TorrServer раздач версии 2.</news>
    <summary lang="en">RuTracker</summary>
    <description lang="en">You can search RuTracker and download torrents.</description>
    <summary lang="ru">Навигатор по RuTracker</summary>
    <description lang="ru">Навигатор по сайту RuTracker с возможностью скачивания торрентов.[CR]Просмотр через Elementum, TorrServer, Torrenter, Torrent2http, TAM, Libtorrent, TorrentStream, DelugeStream.[CR]Скачивание торрентов с помощью Deluge, qBittorrent, rTorrent, Transmission и uTorrent.</description>
    <platform>all</platform>
  </extension>
</addon>
