<?xml version="1.0" encoding="UTF-8" standalone="yes"?>
<addon id="plugin.video.domatvnet" name="ДомаТВНет" version="0.0.1" provider-name="virserg">
  <requires>
    <import addon="xbmc.python" version="2.14.0"/>
    <import addon="script.module.beautifulsoup4"/>
  </requires>
  <extension point="xbmc.python.pluginsource" provides="video" library="default.py">
    <provides>video</provides>
  </extension>
  <extension point="xbmc.addon.metadata">
    <news>...</news>
    <summary lang="en">DomaTVNet</summary>
    <description lang="en">DomaTVNet -</description>
    <summary lang="ru">ДомаТВНет - телевиденье.</summary>
    <description lang="ru">ДомаТВНет - телевиденье онлайн.</description>
    <platform>all</platform>
  </extension>
</addon>

