<?xml version="1.0" encoding="UTF-8" standalone="yes"?>
<addon id="plugin.video.megapeer" name="MegaPeer" version="0.0.7" provider-name="virserg">
  <requires>
    <import addon="script.module.beautifulsoup4"/>
  </requires>
  <extension point="xbmc.python.pluginsource" provides="video" library="default.py">
    <provides>video</provides>
  </extension>
  <extension point="xbmc.addon.metadata">
    <news></news>
    <summary lang="en">MegaPeer</summary>
    <description lang="en">MegaPeer -</description>
    <summary lang="ru">MegaPeer -</summary>
    <description lang="ru">MegaPeer</description>
    <platform>all</platform>
    <assets>
        <icon>icon.png</icon>
    </assets>
  </extension>
</addon>

