<?xml version="1.0" encoding="UTF-8" standalone="yes"?>
<addon id="plugin.video.arjlover.net"
       name="arjlover.net"
       version="0.0.2a"
       provider-name="x86demon">
    <requires>
        <import addon="xbmc.python" version="2.1.0"/>
        <import addon="script.module.beautifulsoup"/>
    </requires>
    <extension point="xbmc.python.pluginsource" provides="video" library="default.py">
        <provides>video</provides>
    </extension>
    <extension point="xbmc.addon.metadata">
        <news>Добавлен выбор способа воспроизведения (настройка).</news>
        <summary>На этом сервере собраны советские и пост-советские мультфильмы, аудио-сказки, фильмы и детские фильмы на которых выросли многие поколения моих соотечественников.</summary>
        <description>На этом сервере собраны советские и пост-советские мультфильмы, аудио-сказки, фильмы и детские фильмы на которых выросли многие поколения моих соотечественников.</description>
        <platform>all</platform>
    </extension>
</addon>
