<?xml version="1.0" encoding="UTF-8" standalone="yes"?>
<addon id="plugin.video.torrserve" name="TorrServer Client" version="0.1.2" provider-name="Nemiroff, virserg">
    <requires>
        <import addon="xbmc.addon" version="16.0.0" />
        <import addon="xbmc.python" version="2.24.0" />
    </requires>
    <extension point="xbmc.python.pluginsource" library="navigation.py">
        <provides>video</provides>
    </extension>
    <extension point="xbmc.python.module" library="resources/site-packages" />
    <extension point="xbmc.addon.metadata">
        <news>v0.1.2: Исправление ошибок. Просмотр описаний из базы TorrServer. v0.1.1: Добавлен просмотр внешних субтитров из раздачи. v0.1.0: Убран не рабочий поиск. Добавлены поддержка сервера 1.1.77 и просмотр статистики при паузе.</news>
        <summary lang="en">TorrServe: Torrent video streaming</summary>
        <summary lang="ru">TorrServe: потоковое воспроизведение видеоторрентов</summary>
        <description lang="en">TorrServe is a torrent streaming engine. It doesn't go on torrent websites for legal reasons.</description>
        <description lang="ru">TorrServe - Смотрите фильмы, сериалы, видео, слушайте музыку с торрентов без предварительного скачивания.[CR]Просто добавьте торрент файл или Magnet ссылку и наслаждайтесь шоу — загрузка и воспроизведение будут идти одновременно</description>
        <language>en, ru</language>
        <platform>all</platform>
        <assets>
            <icon>icon.png</icon>
        </assets>
    </extension>
</addon>
