<?xml version="1.0" encoding="UTF-8" standalone="yes"?>
<addon id="script.key.layout.osmc"
       name="Аппаратная раскладка клавиатуры"
       version="0.0.2"
       provider-name="AlexElec, virserg">
  <requires>
    <import addon="xbmc.addon" version="18.0.0"/>
  </requires>
  <extension point="xbmc.python.script" library="addon.py">
    <provides>executable</provides>
  </extension>
  <extension point="xbmc.addon.metadata">
    <summary lang="en">Keyboard Layout EN/RU</summary>
    <description lang="en">Keyboard Layout EN/RU. Only Kodi 18+.</description>
    <summary lang="ru">Переключение раскладки (Анг/Рус) на клавиатуре</summary>
    <description lang="ru">Переключение раскладки клавиатуры Анг/Рус по двум клавишам (Ctrl+пробел). Только для Kodi 18+.[CR]После установки запустите это дополнение, а затем перезагрузите Kodi.</description>
    <language></language>
    <platform>linux</platform>
    <license>GNU GENERAL PUBLIC LICENSE. Version 2, June 1991</license>
  </extension>
</addon>
