<?xml version="1.0" encoding="UTF-8" standalone="yes"?>
<addon id="script.module.websocket" name="websocket library" version="0.57.0" provider-name="pkscout">
  <requires>
    <import addon="xbmc.python" version="2.24.0" />
    <import addon="script.module.six" version="1.13.0" />
  </requires>
  <extension point="xbmc.python.module" library="lib" />
  <extension point="xbmc.addon.metadata">
    <summary>websocket library repacked for Kodi</summary>
    <source>https://github.com/websocket-client/websocket-client</source>
    <website>https://github.com/pkscout/script.module.websocket</website>
    <platform>all</platform>
    <license>LGPL</license>
  </extension>
</addon>
