<?xml version="1.0" encoding="UTF-8" standalone="yes"?>
<addon id="repository.lyxstv"
       name="lyxstv plugins"
	   version="0.0.1"
	   provider-name="lyxstv">
<requires>
  <import addon="xbmc.addon" version="14.0.0"/>
</requires>	
	<extension point="xbmc.addon.repository" name="lyxstv ">
		<info compressed="false">http://rcstv.ru/static/other/xbmc/addons.xml</info>
		<checksum>http://rcstv.ru/static/other/xbmc/addons.xml.md5</checksum>
		<datadir zip="true">http://rcstv.ru/static/other/xbmc/data/</datadir>
	</extension>
	<extension point="xbmc.addon.metadata">
		<summary>lyxstv plugins</summary>
		<description>Plug-ins for XBMC</description>
		<disclaimer></disclaimer>
		<platform>all</platform>
	</extension>
</addon>
