<?xml version="1.0" encoding="UTF-8" standalone="yes"?>
<addon id="plugin.video.quasar" name="Quasarenter" version="0.0.1" provider-name="-=Vd=-">
	<requires>
		<import addon="xbmc.python" version="2.1.0"/>
	</requires>
	<extension point="xbmc.python.pluginsource" library="default.py">
	<provides>video</provides>
  </extension>
	<extension point="xbmc.addon.metadata">
		<summary lang="en">Fake quasar addon</summary>
		<summary lang="ru">Фейковый квазар</summary>
		<description lang="en">This addon redirect any calls to quasar plugin to torrenter or TAM.</description>
		<description lang="ru">Это дополнение переадресует вызовы из других источников для плагина квазар на торрентер или TAM. Это нужно если вы не хотите пользоваться квазаром, а магнитные ссылки из YATSE проигрывать торрентером (TAM).</description>
		<platform>all</platform>
	</extension>
</addon>
