<?xml version="1.0" encoding="UTF-8" standalone="yes"?>
<addon id="script.torrentstreams.install" name="! Install All torrent streams !" version="0.0.1" provider-name="NoNe">
  <requires>
    <import addon="xbmc.python" version="2.14.0"/>
    <import addon="script.module.delugestream" version="0.1.1"/>
    <import addon="script.module.torrent.ts"/>
    <import addon="script.module.libtorrent"/>
    <import addon="script.service.torrserver"/>
    <import addon="plugin.video.torrenter"/>
    <import addon="plugin.video.tam"/>
  </requires>
  <extension point="xbmc.python.script" provides="executable" library="default.py">
    <provides>executable</provides>
  </extension>
  <extension point="xbmc.addon.metadata">
    <news></news>
    <summary lang="en">Install All torrent streams in one click.</summary>
    <description lang="en">Install All torrent streams in one click.</description>
    <summary lang="ru">Установка Всех торрент движков (кроме Elementum) в один клик.</summary>
    <description lang="ru">Установка Всех торрент движков (кроме Elementum) в один клик. После установки можете сразу удалить это дополнение.</description>
    <platform>all</platform>
  </extension>
</addon>
