<?xml version="1.0" encoding="UTF-8" standalone="yes"?>
<addon id="plugin.video.kinokrad.co" name="Кинокрад.Ко" version="0.0.5" provider-name="virserg">
  <requires>
    <import addon="xbmc.python" version="2.14.0"/>
    <import addon="script.module.beautifulsoup4"/>
  </requires>
  <extension point="xbmc.python.pluginsource" provides="video" library="default.py">
    <provides>video</provides>
  </extension>
  <extension point="xbmc.addon.metadata">
    <news>Исправление воспроизведения.</news>
    <summary lang="en">Kinokrad.co</summary>
    <description lang="en">Kinokrad.co -</description>
    <summary lang="ru">Кинокрад.Ко - онлайн видео</summary>
    <description lang="ru">Кинокрад.Ко - фильмы, сериалы, мультфильмы, телепередачи онлайн.</description>
    <platform>all</platform>
  </extension>
</addon>

