<?xml version="1.0" encoding="UTF-8" standalone="yes"?>
<addon id="script.service.torrserver.matrix" name="TorrServer Service (MatriX)" version="matrix.123" provider-name="YouROK, Nemiroff">
    <requires>
        <import addon="xbmc.python" version="3.0.0"/>
        <import addon="script.module.kodi-six" />
    </requires>
    <extension point="xbmc.service" library="service.py" start="startup" />
    <extension point="xbmc.python.module" library="resources/site-packages" />
    <extension point="xbmc.addon.metadata">
        <summary lang="en">TorrServer</summary>
        <summary lang="ru">TorrServer</summary>
        <description lang="en">TorrServer is a torrent streaming engine.</description>
        <description lang="ru">TorrServer - сервис для стриминга торрентов.</description>
        <language>en,ru</language>
        <platform>linux windows</platform>
        <news>MatriX Release</news>
        <forum></forum>
        <assets>
            <icon>icon.png</icon>
        </assets>
    </extension>
</addon>
