<?xml version="1.0" encoding="UTF-8" standalone="yes"?>
<addon id="script.service.torrserver" name="TorrServer" version="1.1.77_30" provider-name="YouROK, Nemiroff">
    <requires>
        <import addon="xbmc.python" version="2.24.0" />
    </requires>
    <extension point="xbmc.service" library="service.py" start="startup" />
    <extension point="xbmc.python.module" library="resources/site-packages" />
    <extension point="xbmc.addon.metadata">
	<news>Исправлена высокая нагрузка на сервере при открытии большого (450+) списка в веб-интерфейсе.</news>
        <summary lang="en">TorrServer</summary>
		<summary lang="ru">TorrServer</summary>
        <description lang="en">TorrServer is a torrent streaming engine.</description>
		<description lang="ru">TorrServer - сервис для стриминга торрентов.</description>
        <language>en,ru</language>
        <platform>linux windows</platform>
        <forum></forum>
        <assets>
            <icon>icon.png</icon>
            <fanart></fanart>
        </assets>
    </extension>
</addon>
