<?xml version="1.0" encoding="UTF-8" standalone="yes"?>
<addon id="plugin.video.coldfilm.ru"
       name="ColdFilm.ru"
       version="0.1.2_mod13"
       provider-name="TDW">
  <requires>
    <import addon="script.module.torrent.ts" optional="true"/>
  </requires>
  <extension point="xbmc.python.pluginsource" library="default.py">
        <provides>video</provides>
  </extension>
  <extension point="xbmc.addon.metadata">
    <summary>СoldFilm.ru</summary>
    <description>СoldFilm.ru for AceStreem, XBMCtorrent, Torrenter, YATP, Elementum, TAM, TorrServer Client</description>
    <platform>all</platform>
    <assets>
        <icon>icon.png</icon>
    </assets>
  </extension>
</addon>
